Model Name,File Name,Question,Choices,Model Response,Correct Answer
gpt-4,./data/data_BDA.json,다음 중 선형회귀와 로지스틱 회귀에 대한 설명으로 가장 알맞지 않은 것은 무엇인가?,"선택지:
1번 - 선형회귀에서 잔차는 정규분포를 따른다.
2번 - 선형회귀는 독립변수를 사용해 종속변수의 움직임을 예측한다.
3번 - 로지스틱 회귀는 종속변수가 이진이며 분류에 사용한다.
4번 - 선형회귀에서 로짓 변환을 사용한다.",4. 선형회귀에서 로짓 변환을 사용한다.,4
gpt-4,./data/data_BDA.json,종속변수가 범주형이고 독립변수가 수치형 변수 여러 개로 이루어진 변수 간의 관계를 분석하기 위해 적용할 수 있는 알고리즘으로 올바른 것은?,"선택지:
1번 - 로지스틱 회귀 분석
2번 - k-평균 군집
3번 - 주성분 분석
4번 - DBSCAN",1. 로지스틱 회귀 분석,1
gpt-4,./data/data_BDA.json,다음 중 로지스틱 회귀분석에 대한 설명으로 가장 알맞지 않은 것은 무엇인가?,"선택지:
1번 - 독립변수가 범주형이다.
2번 - 종속변수는 0과 1이다.
3번 - 로짓 변환을 사용한다.
4번 - 시그모이드 함수를 사용한다.",1번: 독립변수가 범주형이다. 이 선택지는 로지스틱 회귀분석의 특성과 상반되는 설명입니다.,1
gpt-4,./data/data_BDA.json,서포트 벡터 머신에 대한 설명으로 옳지 않은 것은?,"선택지:
1번 - 데이터 세트의 크기가 클 경우 최적화를 위한 평가 과정이 줄어들어 속도가 빠르다.
2번 - 다른 모형보다 과대적합에 강하다.
3번 - 비선형으로 분류되는 모형에 사용할 수 있다.
4번 - 서포트 벡터가 여러 개일 수 있다.","1번 선택지인 ""데이터 세트의 크기가 클 경우 최적화를 위한 평가 과정이 줄어들어 속도가 빠르다.""는 서포트 벡터 머신(SVM)에 대한 옳지 않은 설명입니다. 사실, 데이터 세트의 크기가 클 경우 SVM의 계산 복잡성이 증가하여, 오히려 속도가 느려집니다.",1
gpt-4,./data/data_BDA.json,다음 중 k-평균 군집 알고리즘을 통해 k 값을 구하는 기법은 무엇인가?,"선택지:
1번 - k-Centroid 기법
2번 - 최장 연결법
3번 - 엘보우 기법
4번 - 역전파 알고리즘",답: 엘보우 기법,3
gpt-4,./data/data_BDA.json,다음 중 SVM 가우시안 커널(Gaussian Kernel)에 대한 설명으로 가장 옳지 않은 것은 무엇인가?,"선택지:
1번 - 비선형 데이터가 있는 경우에 일반적으로 활용된다.
2번 - 2차원의 점을 1차원의 점으로 변환한다.
3번 - 가장 많이 사용되는 커널이다.
4번 - 데이터에 대한 사전 지식이 없는 경우 적절하게 분리할 때 활용된다.",2. 2차원의 점을 1차원의 점으로 변환한다.,2
gpt-4,./data/data_BDA.json,소프트맥스 함수에 대한 설명으로 가장 올바르지 않은 것은?,"선택지:
1번 - 출력값은 0에서 1 사이의 실수이다.
2번 - 분산 1이 된다.
3번 - 출력값을 확률로 해석할 수 있다.
4번 - 출력값의 총합이 1이 된다.",2. 분산 1이 된다.,2
gpt-4,./data/data_BDA.json,다음 중 활성화 함수에 대한 설명으로 가장 알맞지 않은 것은 무엇인가?,"선택지:
1번 - 하이퍼볼릭 탄젠트는 -1에서 1의 값을 가진다.
2번 - 부호 함수는 임곗값을 기준으로 활성화 또는 비활성화가 된다.
3번 - ReLU 함수는 시그모이드의 기울기 소실 문제를 해결하였다.
4번 - 시그모이드 함수 입력값이 0일 때, 미분 값은 0.25이다.","4. 시그모이드 함수 입력값이 0일 때, 미분 값은 0.25이다.",2
gpt-4,./data/data_BDA.json,범주형 데이터를 분류할 수 없는 것은?,"선택지:
1번 - 인공신경망
2번 - 의사결정나무
3번 - 선형 회귀 분석
4번 - SVM",3. 선형 회귀 분석,3
gpt-4,./data/data_BDA.json,의사결정나무의 분석 과정으로 가장 알맞지 않은 것은?,"선택지:
1번 - 데이터의 분류 및 예측에 활용한다.
2번 - 부적절한 나뭇가지는 가지치기로 제거한다.
3번 - 분석의 목적과 자료 구조에 따라서 적절한 분리 기준으로 마지막 끝 마디까지 생성한다.
4번 - 이익, 위험, 비용 등을 고려하여 모형을 평가한다.","답변: 이 문제에 답이 제시되지 않았으므로, 각 선택지가 의사결정나무의 분석 과정을 잘 이해하고 있는지 확인해 보겠습니다.

1. 데이터의 분류 및 예측에 활용한다: 의사결정나무는 이 요소에 맞습니다. 자료가 숫자로 된 답변(나이, 연간 소득 등) 또는 특정 카테고리(예: 질병 유무) 중 하나일 수도 있습니다.

2. 부적절한 나뭇가지는 가지치기로 제거한다: 이도 의사결정나무 분석의 일부입니다. 이는 주로 과적합을 방지하기 위해 사용됩니다. 

3. 분석의 목적과 자료 구조에 따라서 적절한 분리 기준으로 마지막 끝 마디까지 생성한다: 이 설명은 의사결정나무의 본질에 맞습니다. 의사결정나무는 학습 데이터를 기반으로 만들어지며, 각 분기점은 분석자가 결정한 특정 기준을 기반으로 합니다.

4. 이익, 위험, 비용 등을 고려하여 모형을 평가한다: 이 설명은 일반적으로 비즈니스 문제를 해결하거나 전략적 결정을 내리는 과정에 더 적합한 것 같습니다. 의사결정나무는 데이터가 제공하는 정보만을 기반으로 결정을 내리며, 이익, 위험, 비용 등의 외부 요인을 직접적으로 고려하지 않습니다.

따라서 제가 이 질문을 해석하는데 기반한 정보로는 4번이 의사결정나무의 분석 과정으로 가장 알맞지 않은 것으로 보입니다.",3
gpt-4,./data/data_BDA.json,인공신경망에 대한 설명으로 가장 알맞지 않은 것은?,"선택지:
1번 - 인공신경망에서 역전파는 입력층(Input Layer)에서 출력층(Output Layer)까지 정보가 전달되는 과정이다.
2번 - 인공신경망은 입력값을 받아서 출력값을 만들기 위해 촬성화 함수를 사용한다.
3번 - 인공신경망은 사람 두뇌의 신경세포인 뉴런이 전기신호를 전달하는 모습을 모방한 기계학습 모델이다.
4번 - 활성화 함수는 순 입력함수로부터 전달받은 값을 출력값으로 변환해 주는 함수이다.",1,1
gpt-4,./data/data_BDA.json,활성화 함수 중 단층 신경망에서 해결할 수 없는 것은?,"선택지:
1번 - AND
2번 - OR
3번 - NOR
4번 - XOR",XOR,4
gpt-4,./data/data_BDA.json,로지스틱 회귀 모형에 대한 설명으로 옳은 것은?,"선택지:
1번 - 설명변수가 한 개인 경우 종형 그래프를 가진다.
2번 - 설명변수는 모두 연속형이어야 한다.
3번 - 연속형 반응변수에 대해서도 적용할 수 있다.
4번 - 분류의 목적으로 사용될 수 있다.",4. 분류의 목적으로 사용될 수 있다.,4
gpt-4,./data/data_BDA.json,딥러닝에 대한 설명으로 옳은 것은?,"선택지:
1번 - 오차역전파를 사용한다.
2번 - ReLU보다 Sigmoid를 사용한다.
3번 - 딥러닝은 각 은닉층의 가중치를 통해 모형의 결과를 해석하기 용이하다.
4번 - Dropout은 무작위 비율로 신경망을 제거한다.",1번: 오차역전파를 사용한다.,1
gpt-4,./data/data_BDA.json,PCA에 대한 설명으로 옳지 않은 것은?,"선택지:
1번 - 차원 축소는 고윳값이 낮은 순으로 정렬해서, 높은 고윳값을 가진 고유벡터만으로 데이터를 복원한다.
2번 - 변동 폭이 작은 축을 선택한다.
3번 - 축들은 서로 직교되어 있다.
4번 - 주성분은 상관성이 높은 변수들을 요약, 축소하는 기법이다.","1번 선택지가 옳지 않습니다. PCA(주성분 분석)는 데이터의 고윳값이 높은 순으로 선택하여 높은 고윳값을 가진 고유벡터로 데이터를 복원합니다. 이는 데이터의 주요 특성을 가장 잘 나타내는 성분을 선택하기 위한 것이기 때문입니다. 따라서 ""고윳값이 낮은 순으로""라는 설명은 잘못되었습니다.",2
gpt-4,./data/data_BDA.json,"CNN에서 원본 이미지가 5X5에서 Stride가 1이고, 필터가 3X3일 때 Feature Map은 무엇인가?","선택지:
1번 - (1,1)
2번 - (2,2)
3번 - (3,3)
4번 - (4,4)","CNN(Convolutional Neural Network)에서 Stride는 필터가 입력 이미지에 적용되는 간격을 나타냅니다. 5x5 원본 이미지에서 stride가 1이고, 필터가 3x3일 경우, 필터는 원본 이미지에 왼쪽 위부터 시작해서 오른쪽으로 한 칸씩, 아래로 한 칸씩 이동합니다. 

따라서, 이 경우 Feature Map의 크기는 (원본 이미지의 크기 - 필터의 크기 + 2 * padding) / stride + 1 이므로, padding이 없다고 가정하면 (5-3)/1 + 1 = 3, 그러므로 Feature Map의 크기는 3x3입니다. 

따라서 정답은 (3,3)입니다.",3
gpt-4,./data/data_BDA.json,랜덤 포레스트에 대한 설명으로 적절하지 않은 것은?,"선택지:
1번 - 훈련을 통해 구성해놓은 다수의 나무들로부터 투표를 통해 분류 결과를 도출한다.
2번 - 분류기를 여러 개 쓸수록 성능이 좋아진다.
3번 - 트리의 수가 많아지면 Overfit 된다.
4번 - 여러 개의 의사결정 트리가 모여서 랜덤 포레스트 구조가 된다.",3. 트리의 수가 많아지면 Overfit 된다.,3
gpt-4,./data/data_BDA.json,"다음 중 훈련 데이터에서 다수의 부트스트랩(Bootstrap)자료를 생성하고, 각 자료를 모델링한 후 결합하여 최종 예측 모형을 만드는 앙상블 기법으로 가장 알맞은 것은?","선택지:
1번 - 배깅
2번 - 부스팅
3번 - 보팅
4번 - 의사결정나무",답: 배깅,1
gpt-4,./data/data_BDA.json,다음 중 은닉층이 순환적으로 연결된 것은 무엇인가?,"선택지:
1번 - CNN
2번 - ANN
3번 - RNN
4번 - DNN",답: RNN,3
gpt-4,./data/data_BDA.json,다음 중 심층신경망에 대한 설명으로 가장 알맞지 않은 것은 무엇인가?,"선택지:
1번 - 은닉층이 1개 존재한다.
2번 - 오차 역전파를 사용한다.
3번 - 시그모이드는 오차 역전파로 결과 해석이 어렵다.
4번 - 은닉층(Hidden Layer)를 심층(Deep)으로 구성한다.",은닉층이 1개 존재한다.,1
gpt-4,./data/data_BDA.json,배깅에 대한 설명으로 알맞지 않은 것은?,"선택지:
1번 - 편향이 낮은 과소적합 모델에 효과적이다.
2번 - 편향이 높은 과대적합 모델에 효과적이다.
3번 - 훈련 데이터에서 다수의 부트스트랩 자료를 생성하고 각 부트스트랩 자료를 결합하여 최종 예측 모형을 만드는 알고리즘이다.
4번 - 가중치를 활용하여 약 분류기를 강 분류기로 만드는 방법이다.",1번: 편향이 낮은 과소적합 모델에 효과적이다.,4
gpt-4,./data/data_BDA.json,차원 축소 기법인 PCA(Principal Component Analysis)에 대한 설명으로 가장 올바르지 않은 것은?,"선택지:
1번 - 선형 결합한다.
2번 - 변동이 큰 축을 기준으로 한 차원씩 선택한다.
3번 - 이산형 변수에 사용할 수 있다.
4번 - 차원 축소를 통해 원본 데이터를 직관적으로 파악할 수 있다.",이산형 변수에 사용할 수 있다.,4
gpt-4,./data/data_BDA.json,주성분 분석에 대한 설명으로 옳지 않은 것은?,"선택지:
1번 - 주성분 분석은 서로 상관성이 높은 변수들의 선형 결합으로 만들어 기존의 상관성이 높은 변수들을 요약, 축소하는 기법이다.
2번 - 분산이 가장 작은 것을 제1 주성분으로 한다.
3번 - 주성분 분석은 고윳값, 고유벡터를 통해 분석한다.
4번 - 주성분 분석의 목적 중 하나는 데이터를 이해하기 위한 차원 축소이다.",2. 분산이 가장 작은 것을 제1 주성분으로 한다.,2
gpt-4,./data/data_BDA.json,다음 중 앙상블에서 베이스 모형의 독립성을 최적화하기 위한 방법으로 가장 알맞지 않은 것은?,"선택지:
1번 - 입력변수를 다양하게 한다.
2번 - 테스트 데이터를 다르게 한다.
3번 - 서로 다른 알고리즘을 사용한다.
4번 - 초매개변수를 다양하게 한다.",테스트 데이터를 다르게 한다.,2
gpt-4,./data/data_BDA.json,다음 중 순환 신경망(RNN)에서 발생하는 GV(기울기 소실) GE(기울기 폭발)에 대한 설명으로 가장 알맞은 것은?,"선택지:
1번 - 기울기 클리핑(Gradient Clipping)은 기울기 소실을 막기 위해 기울기 값을 자르는 방법이다.
2번 - 기울기 소실이란 오차역전파 과정에서 입력층으로 갈수록 가중치에 따른 결괏값의 기울기가 작아져 0에 수렴하는 문제이다.
3번 - RNN은 LSTM(Long Short Term Memory)의 장기의존성 문제를 보완하기 위한 알고리즘이다.
4번 - 순환 신경망은 입력 게이트, 망각 게이트, 출력 게이트로 구성된다.",정답: 기울기 소실이란 오차역전파 과정에서 입력층으로 갈수록 가중치에 따른 결괏값의 기울기가 작아져 0에 수렴하는 문제이다.,2
gpt-4,./data/data_BDA.json,오토인코더에 대한 설명으로 가장 알맞지 않은 것은?,"선택지:
1번 - 비지도학습 신경망이다.
2번 - 인코더는 차원 축소의 역할을 한다.
3번 - 입력층 노드 개수는 출력층 노드 개수보다 커야한다.
4번 - 인코드 입력 노드 개수는 디코드 출력 노드 개수와 동일하다.",입력층 노드 개수는 출력층 노드 개수보다 커야한다.,3
gpt-4,./data/data_BDA.json,주성분 분석(PCA)에 대한 설명으로 옳지 않은 것은?,"선택지:
1번 - 대표적인 차원 축소 방법이다.
2번 - 고윳값 분해와 특이값 분해 등의 수학적 행렬 분해를 이용한다.
3번 - 고차원 데이터를 저차원 데이터로 직교 변환한다.
4번 - 원본 비음수 행렬은 비음수 행렬의 곱으로 표현한다.",4. 원본 비음수 행련은 비음수 행렬의 곱으로 표현한다.,4
gpt-4,./data/data_BDA.json,다음 중 RNN의 장기 의존성 문제를 해결하였으며 리셋 게이트와 업데이트 게이트로 구성된 모형은 무엇인가?,"선택지:
1번 - 단방향 RNN
2번 - 양방향 RNN
3번 - LSTM
4번 - GRU",정답은 GRU입니다.,4
gpt-4,./data/data_BDA.json,다음 중 자연어 처리(NLP) 기법으로 가장 적합하지 않은 것은?,"선택지:
1번 - ELMo
2번 - GPT
3번 - BERT
4번 - YOLO",4. YOLO,4
gpt-4,./data/data_BDA.json,딥러닝의 트랜스포머(Transformer)의 구성요소로 가장 알맞지 않은 것은?,"선택지:
1번 - 망각 게이트
2번 - 셀프 어텐션
3번 - 멀티헤드 셀프 어텐션
4번 - 포지셔널 인코딩",1: 망각 게이트,1
gpt-4,./data/data_BDA.json,다음 중 부스팅에 대한 설명으로 가장 옳지 않은 것은?,"선택지:
1번 - 예측력이 약한 모형들을 결합하여 강한 예측 모형을 만드는 방법이다.
2번 - 잘못 분류된 개체들에 가중치를 적용, 새로운 분류 규칙을 만들고, 이 과정을 반복해 최종 모형을 만드는 알고리즘이다.
3번 - 학습 데이터를 병렬적으로 학습하며 잘못 분류된 데이터에 가중치를 부여한다.
4번 - 일반적으로 보팅(Voting)을 통하여 결과를 예측한다.","4번: 학습 데이터를 병렬적으로 학습하며 잘못 분류된 데이터에 가중치를 부여한다. 이 선택지는 부스팅의 설명이 아닌 배깅의 설명에 가깝습니다. 부스팅은 차례대로 학습하면서 틀린 데이터에 대해 가중치를 적용하는 방식이며, 배깅은 학습 데이터를 병렬적으로 학습하는 방식입니다.",3
gpt-4,./data/data_BDA.json,다음 중 랜덤 포레스트에 대한 설명으로 가장 옳지 않은 것은?,"선택지:
1번 - 배깅을 이용한 알고리즘의 하나이다.
2번 - 무작위성을 주어 약한 학습기들을 생성한 후 이를 선형 결합하여 최종 학습기를 만드는 방법이다.
3번 - 부트스트랩을 통해 조금씩 다른 훈련 데이터에 대해 훈련된 기초 분류기들을 결합시키는 방법을 사용한다.
4번 - 기본적으로 모든 데이터를 이용하여 학습한다.","4번입니다. 랜덤 포레스트는 모든 데이터를 이용하여 학습하는 것이 아니라, 부트스트랩 샘플링을 이용해 데이터를 선택합니다. 이렇게 하면 각 트리가 서로 상관관계가 낮고, 다양성을 띄게 된다. 이는 랜덤 포레스트의 핵심 개념중 하나입니다. 따라서 4번은 정확하지 않습니다.",4
gpt-4,./data/data_BDA.json,다음 중 가중치를 부여하는 앙상블 기법으로 가장 적합한 것은?,"선택지:
1번 - 배깅
2번 - 부스팅
3번 - 보팅
4번 - 가지치기",부스팅,2
gpt-4,./data/data_BDA.json,다음 중 경사 하강법과 관련된 알고리즘으로 옳지 않은 것은?,"선택지:
1번 - Adaboost
2번 - RMSProp
3번 - Adagrad
4번 - Nesterov Momentum",1: Adaboost,1
gpt-4,./data/data_BDA.json,다음 중 과대 적합 방지 기법이 아닌 것은?,"선택지:
1번 - 정규화(Regularization)
2번 - Dropout
3번 - 배치 정규화(Batch Normalization)
4번 - Max Pooling",4. Max Pooling,4
gpt-4,./data/data_BDA.json,다음 중 인공신경망에서 드롭아웃(Dropout)과 같은 효과를 나타내는 것은 무엇인가?,"선택지:
1번 - 학습률 조정
2번 - 활성화 함수 변경
3번 - 은닉층 수 감소
4번 - 부스팅","드롭아웃(Dropout)은 과적합을 방지하기 위한 기법 중 하나로, 학습 과정에서 일부 뉴런을 임의로 꺼서(무시해서) 신경망이 특정 뉴런에 과도하게 의존하는 것을 방지합니다. 이는 신경망이 일반화된 패턴을 학습하는데 도움을 주며, 이러한 개념은 위의 선택지 중 어떤 것에도 정확히 일치하지 않습니다. 그러므로, 문제에서 제공된 4개의 선택지를 이용하여 답을 제공하기는 어렵습니다. 다소 추론적으로 접근하면, '학습률 조정'이나 '은닉층 수 감소'가 비슷한 목표를 가질 수 있지만, 이들은 드롭아웃과 동일한 효과를 제공하는 것은 아닙니다.",3
gpt-4,./data/data_BDA.json,다음 중 과대 적합에 대한 설명으로 올바르지 않은 것은?,"선택지:
1번 - 데이터 수를 늘리게 되면 과대 적합 상태가 된다.
2번 - 과대 적합은 학습 데이터와 검증 데이터 간 성능 차이가 크다.
3번 - 과대 적합, 과소 적합 모두 모델과의 일반화 능력을 저하시켜 균형을 찾는 것이 중요하다.
4번 - 학습 데이터에 적합하게 학습되어 학습 데이터에 대한 성능은 우수하지만, 검증 데이터에 대한 성능은 저하되는 현상이다.","1번 선택지가 올바르지 않습니다. 데이터 수를 늘리게 되면 과대 적합 상태가 된다는 내용은 잘못되었습니다. 일반적으로 데이터의 수를 늘리면, 모델이 다양한 데이터에 대해 학습하게 되므로 과대 적합을 방지하는 효과를 가질 수 있습니다.",1
gpt-4,./data/data_BDA.json,원-핫 인코딩에 대한 설명으로 옳지 않은 것은?,"선택지:
1번 - 텍스트 단어에 대해서 벡터를 생성할 수 있다.
2번 - 서로 다른 단어에 대한 내적은 0이다.
3번 - 저장 공간이 효율적이다.
4번 - 원-핫 인코딩은 이산형 벡터이다.",3. 저장 공간이 효율적이다.,3
gpt-4,./data/data_BDA.json,K-Fold에 대한 설명으로 옳지 않은 것은?,"선택지:
1번 - 데이터를 K개로 나눈다.
2번 - 1개는 학습용 데이터, (K-1)개는 검증용 데이터로 사용한다.
3번 - K번 반복 수행한다.
4번 - 결과를 K에 다수결 또는 평균으로 분석한다.","2번 선택지가 옳지 않습니다. K-Fold에서는 데이터를 K개로 나눈 후, 1개를 검증용 데이터, (K-1)개를 학습용 데이터로 사용합니다.",2
gpt-4,./data/data_BDA.json,"재현율(Recall)이 60%, 정밀도(Precision)가 40%일 때, F1-Score는 어떻게 되는가?","선택지:
1번 - 40%
2번 - 48%
3번 - 50%
4번 - 60%","F1-Score는 정밀도(Precision)과 재현율(Recall)의 조화평균(harmonic mean)으로 계산되기 때문에, 이를 이용하면 F1-Score를 계산할 수 있습니다. 이 경우, F1-Score는 2*(Recall * Precision) / (Recall + Precision) 로 계산됩니다. 주어진 값에 대입하여 계산하면, 2*(0.6 * 0.4) / (0.6 + 0.4) = 0.48 이므로, F1-Score는 48%가 됩니다. 따라서 정답은 2번, 48%입니다.",2
gpt-4,./data/data_exq.json,계층적 군집 방법이 아닌 것은?,"선택지:
1번 - 단일 연결법 (Single Linkage)
2번 - 완전 연결법 (Complete Linkage)
3번 - 평균 연결법 (Average Linkage)
4번 - K-평균 군집화 (K-means Clustering)",답: 4. K-평균 군집화 (K-means Clustering),4
gpt-4,./data/data_exq.json,K-means 군집분석의 설명에 대해 옳은 것은?,"선택지:
1번 - 초기 중심점 선택에 따라 결과가 달라질 수 있다.
2번 - 이상치에 민감하지 않다.
3번 - 범주형 변수에 대해 직접 적용이 가능하다.
4번 - 군집의 개수 K를 사전에 지정할 필요가 없다.",1번: 초기 중심점 선택에 따라 결과가 달라질 수 있다.,1
gpt-4,./data/data_exq.json,상관계수에 대한 설명으로 틀린 것은?,"선택지:
1번 - 피어슨 상관계수는 -1에서 1 사이의 값을 가진다.
2번 - 상관계수는 인과관계를 나타낸다.
3번 - 스피어만 상관계수는 순위 데이터에 사용된다.
4번 - 상관계수의 절대값이 클수록 강한 선형관계를 나타낸다.",2. 상관계수는 인과관계를 나타낸다.,2
gpt-4,./data/data_exq.json,신경망 노드 중 무작위로 노드를 선정하여 다수의 모형을 구성하고 학습한 뒤 각 모형의 결과를 결합해 분류 및 예측하는 기법을 무엇이라고 하는가?,"선택지:
1번 - Mini-Batch
2번 - Bagging
3번 - Drop-out
4번 - AdaBoost",Drop-out,4
gpt-4,./data/data_exq.json,인공신경망에서 동일 입력층에 대해 원하는 값이 출력되도록 각 계층의 가중치를 조정하는 방법은?,"선택지:
1번 - 역전파 알고리즘
2번 - 균등 분배 알고리즘
3번 - 유전 알고리즘
4번 - 은닉층 무시 알고리즘",답: 역전파 알고리즘,1
gpt-4,./data/data_exq.json,자연어처리 도구로 옳지 않은 것은?,"선택지:
1번 - BERT
2번 - GPT
3번 - Transformer
4번 - OpenCV",4. OpenCV,4
gpt-4,./data/data_exq.json,약한 인공지능(weak AI) 및 강한 인공지능(strong AI)에 대한 설명으로 옳지 않은 것은?,"선택지:
1번 - 약한 인공지능은 특정 문제를 해결할 수 있는 수준의 인공지능을 말한다.
2번 - 강한 인공지능은 인간의 모든 지능적 요소를 가진 인공지능을 말한다.
3번 - 알파고는 강한 인공지능에 속한다.
4번 - 강한 인공지능은 앨런 튜링이 제시한 튜링 테스트를 통과할 수 있다.","3번 질문에 대한 정답은 ""알파고는 강한 인공지능에 속한다.""입니다. 알파고는 특정한 게임 '바둑'에서 사람보다 뛰어난 성능을 보였지만, 이는 여전히 약한 인공지능의 범주에 속합니다. 강한 인공지능은 인간의 모든 지능적 요소를 가진 인공지능으로서, 어떠한 문제도 스스로 생각하고 해결할 수 있는 능력이 있어야 합니다. 하지만 현재까지 개발된 어떠한 인공지능도 이 강한 인공지능에 해당하는 수준에 이르지 못하였습니다.",3
gpt-4,./data/data_exq.json,생성 모델에 대한 설명으로 옳지 않은 것은?,"선택지:
1번 - 생성 모델을 통해 특정 연령, 성별, 안경 유형과 같은 원하는 속성으로 유명인의 얼굴을 바꿀 수 있다.
2번 - 자기 부호화기(auto encoder)로 영상을 생성할 경우, 인코더와 디코더 설계 시 합성곱(convolution)층을 사용할 수 있다.
3번 - 생성적 적대 신경망(또는 적대적 생성 신경망, GAN, Generative Adversarial Networks)이 성공적으로 학습을 완료하면 분별망은 생성망이 만든 영상을 식별할 수 있다.
4번 - 변이형 자기 부호화기(variational auto encoder)는 학습 데이터의 분포를 따르는 새로운 영상을 생성할 수 있다.","3번, ""생성적 적대 신경망(또는 적대적 생성 신경망, GAN, Generative Adversarial Networks)이 성공적으로 학습을 완료하면 분별망은 생성망이 만든 영상을 식별할 수 있다.""이 틀린 설명입니다. GAN이 제대로 학습됐다면, 분별 신경망은 생성 신경망이 만든 이미지와 실제 이미지를 구분하지 못해야 합니다. 결과물이 실제와 유사하다는 것이 GAN의 목표이기 때문입니다.",3
gpt-4,./data/data_exq.json,"합성곱 신경망(CNN, Convolutional Neural Network)에 대한 설명으로 옳지 않은 것은?","선택지:
1번 - 이미지 분류 업무에 CNN을 활용할 수 있다.
2번 - CNN 내부에는 여러 개의 합성곱(convolution)층과 풀링(pooling)층을 배치할 수 있다.
3번 - CNN에서는 완전 연결(fully connected)층이 사용되지 않는다.
4번 - CNN에서는 학습 데이터에 과적합(overfitting)되는 문제를 해결하기 위해 드롭아웃(dropout) 기법이 사용될 수 있다.","3번, CNN에서는 완전 연결(fully connected)층이 사용되지 않는다. 이 문장은 옳지 않습니다. CNN에서는 일반적으로 마지막에 완전 연결층을 두어 분류 문제를 해결하는데 이용되기 때문입니다.",3
gpt-4,./data/data_exq.json,생성 모델에 활용되는 자기 부호화기(auto encoder)에 대한 설명으로 옳지 않은 것은?,"선택지:
1번 - 특징 추출에도 활용된다.
2번 - 지도 학습(supervised learning)에 해당한다.
3번 - 인코더는 차원을 점점 줄이나 디코더는 차원을 점점 늘리기 때문에 출력층에서 원래 차원을 회복한다. 
4번 - 변이형 자기 부호화기(variational auto encoder)는 잠재 변수의 발산을 방지하기 위한 규제화항을 오차에 포함하여 학습한다.",2. 지도 학습(supervised learning)에 해당한다.,2
gpt-4,./data/data_exq.json,기계학습의 성능 향상을 위한 학습 데이터 전처리(preprocessing)기법과 검증 기법에 대한 설명으로 옳지 않은 것은?,"선택지:
1번 - 데이터 전처리의 한 예로 결손값(missing value) 처리가 있다.
2번 - 원－핫 인코딩(one-hot encoding)에서는 해당 속성값의 특징에 의해 고윳값에 해당하는 위치에만 1을 표시하고 나머지는 0으로 표시한다.
3번 - k-폴드 교차검증(k-fold cross validation)은 주어진 데이터를 k개의 데이터 폴드 집합으로 만든 뒤 다양한 폴드 집합 조합에 대해 학습과 검증 과정을 반복적으로 수행하는 기법이다.
4번 - SMOTE(Synthetic Minority Over-sampling Technique)는 특정 부류(class)에 속하는 학습 데이터가 지나치게 많은 경우, 데이터 일부를 추출하여 제거하는데 사용된다.","4. SMOTE(Synthetic Minority Over-sampling Technique)는 특정 부류(class)에 속하는 학습 데이터가 지나치게 많은 경우, 데이터 일부를 추출하여 제거하는데 사용된다.",4
gpt-4,./data/data_exq.json,"기본 순환 신경망(RNN, Recurrent Neural Network)과 이의 변형 기법에 대한 설명으로 옳지 않은 것은?","선택지:
1번 - RNN은 계층이 깊어질수록 그래디언트 소멸 문제(vanishing gradient problem)가 발생하기 쉽다.
2번 - LSTM(Long Short Term Memory)의 출력은 이전 시점의 입력값과 은닉층의 값뿐만 아니라 이후 시점의 입력값과 은닉층의 값에도 영향을 받는다.
3번 - RNN에서 순환 드롭아웃(recurrent dropout)은 과적합(overfitting)을 방지하기 위해 사용된다.
4번 - GRU(Gated Recurrent Unit)는 LSTM과 유사한 원리로 동작하지만, 게이트 수를 줄여 더 간결한 구조를 갖는다.",2. LSTM(Long Short Term Memory)의 출력은 이전 시점의 입력값과 은닉층의 값뿐만 아니라 이후 시점의 입력값과 은닉층의 값에도 영향을 받는다.,2
gpt-4,./data/data_exq.json,그래디언트 소멸 문제(vanishing gradient problem)에 대한 설명으로 옳지 않은 것은?,"선택지:
1번 - 특정 활성화 함수를 사용하는 계층이 신경망에 많이 추가되면 학습이 되지 않는 현상을 말한다.
2번 - 0이나 0에 가까운 수가 시그모이드(sigmoid) 함수에 들어오면 그래디언트가 0에 가까워 학습이 되지 않는다.
3번 - 그래디언트의 절댓값이 너무 작아지면 학습이 되지 않아 가중치(weight)와 편향(bias) 값들이 효과적으로 업데이트 되지 못한다.
4번 - 그래디언트 소멸 문제를 해결하기 위해 DNN(Deep Neural Network)에서는 활성화 함수로 ReLU 함수를 사용한다.","선택 4: 그래디언트 소멸 문제를 해결하기 위해 DNN(Deep Neural Network)에서는 활성화 함수로 ReLU 함수를 사용한다. 

이 선택지는 옳지 않다. ReLU 함수는 그래디언트 소멸 문제를 완전히 해결하는 것은 아니다. ReLU는 그래디언트 소멸 문제를 완화할 뿐, 결과적으로 이 문제를 해결하는 것은 네트워크의 아키텍처와 학습 방법에 달려있다.",2
gpt-4,./data/data_exq.json,"다음 설명에 해당하는 자연어처리 기법은? , 주변에 있는 단어를 이용해 중간에 있는 특정 단어를 추론하는 방법으로, 큰 차원으로 표현된 특정 단어의 원－핫 인코딩(one-hot encoding) 벡터를 작은 차원의 실수 벡터로 바꾸어 줄 수 있다.","선택지:
1번 - CBOW(Continuous Bag of Words)
2번 - n-Gram
3번 - Skip-Gram
4번 - TF-IDF(Term Frequency-Inverse Document Frequency) vector",답: 1. CBOW(Continuous Bag of Words),1
gpt-4,./data/data_exq.json,인공지능 활용 분야 중 사용되는 대표 학습 모델이 다른 것은?,"선택지:
1번 - 유명한 화가가 그린 그림의 화풍을 분석하는 것
2번 - 현금 인출기에서 수표에 쓰인 필기체 숫자를 인식하는 것
3번 - 스마트폰에서 연관성이 있는 사진들을 모아 정리해 주는 것
4번 - 사람이 하는 말을 텍스트로 변환해 주는 서비스를 이용하는 것","1. 유명한 화가가 그린 그림의 화풍을 분석하는 것 - Convolutional Neural Networks (CNN) 이용
2. 현금 인출기에서 수표에 쓰인 필기체 숫자를 인식하는 것 - Convolutional Neural Networks (CNN) 이용
3. 스마트폰에서 연관성이 있는 사진들을 모아 정리해 주는 것 - Convolutional Neural Networks (CNN) 이용
4. 사람이 하는 말을 텍스트로 변환해 주는 서비스를 이용하는 것 - Recurrent Neural Networks (RNN) 이용

따라서 대표 학습 모델이 다른 것은 '4. 사람이 하는 말을 텍스트로 변환해 주는 서비스를 이용하는 것'입니다.",4
gpt-4,./data/data_exq.json,생성형 인공지능에 대한 설명으로 옳지 않은 것은?,"선택지:
1번 - 프롬프트(prompt)에 대응하여 텍스트, 이미지 등을 생성한다. 
2번 - 주요 생성형 인공지능 모델로는 ChatGPT, Bard, LLaMa 등이 있다.
3번 - 학습 데이터의 패턴과 구조를 학습하여 유사한 특징이 있는 새로운 데이터를 생성한다.
4번 - 텍스트를 이미지로 변환하는 생성형 모델로는 Stable Diffusion, Neocognitron, DALL-E 등이 대표적이다.","주요 생성형 인공지능 모델로는 ChatGPT, Bard, LLaMa 등이 있다.",4
gpt-4,./data/data_exq.json,인공지능을 구현하기 위해 필요한 요소 기술에 대한 설명으로 옳지 않은 것은?,"선택지:
1번 - 추론은 현재 상태에서 목표 상태에 도달하기 위해 수행해야 할 일련의 행동 순서를 찾는 것을 의미한다.
2번 - 지식표현은 문제를 해결하거나 심층적인 추론을 하는 데 사용할 수 있도록 지식을 효과적으로 표현하는 방법이다.
3번 - 학습은 경험을 통해 나중에 동일한 문제나 유사한 문제를 더 잘 해결할 수 있도록 시스템의 구조나 파라미터를 바꾸는 것을 의미한다.
4번 - 탐색은 문제의 답이 될 수 있는 것들의 집합을 공간으로 간주하고문제에 대한 최적의 해를 찾기 위해 공간을 체계적으로 검색하는것을 의미한다.","해당 질문의 선택지는 모두 정확한 설명이므로, 잘못된 것을 고르라는 문제의 주제에 어긋납니다. 따라서 이 질문은 올바른 답변을 주기 어렵습니다.",1
gpt-4,./data/data_exq.json,다음 중 비지도 학습으로 분류되는 것은?,"선택지:
1번 - 선형 회귀(LR, Linear Regression)
2번 - K-평균 알고리즘(K-means algorithm)
3번 - k-최근접 이웃(kNN, k-Nearest Neighbor)
4번 - 서포트 벡터 머신(SVM, Support Vector Machine)",비지도 학습으로 분류되는 것은 'K-평균 알고리즘(K-means algorithm)'입니다.,2
gpt-4,./data/data_exq.json,서포트 벡터 머신에 대한 설명으로 옳지 않은 것은?,"선택지:
1번 - 주어진 데이터를 두 개의 영역으로 분류하는 이진 분류기이다.
2번 - Vapnik 등이 개발한 통계 학습 이론의 결과를 기반으로 하는 기계학습 방법이다.
3번 - 데이터 분류를 위한 경계면은 경계면과 서포트 벡터들 간의 거리가 최대가 되도록 결정한다.
4번 - 경계면 결정 시 일부 데이터가 마진(margin) 내에 들어오도록 허용하는 것을 하드(hard) 마진이라 한다.",4. 경계면 결정 시 일부 데이터가 마진(margin) 내에 들어오도록 허용하는 것을 하드(hard) 마진이라 한다.,4
gpt-4,./data/data_exq.json,기계학습에서 발생할 수 있는 과적합(overfitting)을 완화하기 위한 방법으로 옳지 않은 것은?,"선택지:
1번 - 드롭아웃(dropout)은 학습 과정에서 노드를 미리 정해진 비율만큼 랜덤으로 비활성화하여 과적합을 완화한다.
2번 - 배치 정규화(batch normalization)는 은닉층의 가중치를 정규화하고 노드값의 표준편차를 증대시켜 과적합을 완화한다.
3번 - 데이터 증강(data augmentation)은 기존 학습 데이터에 약간의 변형을 가한 새로운 학습 데이터를 추가하여 과적합을 완화한다.
4번 - 규제화(regularization)는 오차 함수를 오차 항과 모델 복잡도 항의 합으로 정의하여 가중치의 절댓값을 제한함으로써 과적합을 완화한다.",배치 정규화(batch normalization)는 은닉층의 가중치를 정규화하고 노드값의 표준편차를 증대시켜 과적합을 완화한다.,2
gpt-4,./data/data_exq.json,"생성적 적대 신경망(GAN, Generative Adversarial Network)에 대한 설명으로 옳지 않은 것은?","선택지:
1번 - 판별자 출력층의 노드는 하나이다.
2번 - 생성자와 판별자의 두 신경망을 사용한다.
3번 - 생성자의 학습 과정에서는 판별자를 사용하지 않는다.
4번 - 생성자의 목적은 판별자를 속일 수 있을 정도로 품질이 높은 위조 데이터를 생성하는 것이다.","답은 3번, 생성자의 학습 과정에서는 판별자를 사용하지 않는다. 생성적 적대 신경망(GAN)의 구조에는 판별자와 생성자 두 부분이 있으며, 생성자의 학습 과정에서는 판별자를 사용합니다. 생성자는 판별자가 실제 데이터와 가짜 데이터를 잘 구별하지 못하도록 학습시키는 역할을 합니다.",3
gpt-4,./data/data_exq.json,컴퓨터 비전 관련 딥러닝 모델에 대한 설명으로 옳지 않은 것은?,"선택지:
1번 - YOLO는 정확도보다 처리 속도에 강점을 갖는 객체 탐지 및 분류 모델이다
2번 - R-CNN 모델에서는 객체 탐지와 분류를 동시에 수행하므로 효율성이 높다.
3번 - Fast R-CNN 모델에서는 입력 영상에서 객체를 탐지하기 위해 선택적 탐색 알고리즘을 사용한다
4번 - SSD(Single Shot Detector)는 YOLO에 비해 객체 탐지 및 분류의 정확도와 처리 속도가 개선된 모델이다.",2. R-CNN 모델에서는 객체 탐지와 분류를 동시에 수행하므로 효율성이 높다.,2
gpt-4,./data/data_exq.json,강화 학습(reinforcement learning) 모델과 관련성이 가장 적은 것은?,"선택지:
1번 - Gym
2번 - AlphaGo
3번 - AlphaStar
4번 - Deep Dream",4. Deep Dream,4
gpt-4,./data/data_exq.json,전이 학습(transfer learning)에 대한 설명으로 옳은 것은?,"선택지:
1번 - 입력 데이터와 출력 데이터가 동일하도록 학습하는 과정을 갖는다.
2번 - 강화 학습의 한 종류로 환경에서 상태의 전이와 보상값의 생성 메커니즘을 설명하는 일종의 함수이다.
3번 - 서열(sequence) 데이터에서 이전 값들을 고려하기 위해 은닉층 또는 출력층의 값을 활용한다.
4번 - 어떤 한 분야에서 특정 과업을 수행하도록 학습한 후 유사한 분야 또는 다른 분야의 과업을 수행할 때 이전 학습 경험을 적용한다.",4. 어떤 한 분야에서 특정 과업을 수행하도록 학습한 후 유사한 분야 또는 다른 분야의 과업을 수행할 때 이전 학습 경험을 적용한다.,4
gpt-4,./data/data_exq.json,". 영상의 특성을 효과적으로 추출하거나 영상 분석 및 인식에 활용 가능한 딥러닝 모델만을 모두 고르면? ㄱ.ResNet , ㄴ.Inception, ㄷ.VGG","선택지:
1번 - ㄱ
2번 - ㄱ, ㄷ
3번 - ㄴ, ㄷ
4번 - ㄱ, ㄴ, ㄷ","ㄱ, ㄴ, ㄷ",4
gpt-4,./data/data_exq.json,결정 트리(decision tree)에 대한 설명으로 옳지 않은 것은?,"선택지:
1번 - 엔트로피(entropy) 값이 작은 집단일수록 동질적이다.
2번 - 일반적으로 정보 이득(information gain)이 큰 분할 속성일수록 우수하다.
3번 - 정보 이득비(information gain ratio)는 속성의 엔트로피를 정보 이득으로 나눈 값이다. 
4번 - 데이터를 가능한 한 동질적 집단이 되도록 분류하는 분할 속성(splitting attribute)을 선택하는 것이 효율적이다.",3. 정보 이득비(information gain ratio)는 속성의 엔트로피를 정보 이득으로 나눈 값이다.,3
gpt-4,./data/data_exq.json,퍼지 이론(fuzzy theory)에 대한 설명으로 옳지 않은 것은?,"선택지:
1번 - 소속 정도(degree of membership(u))는 0 < u <= 1로 정의된다.
2번 - 퍼지 규칙은 IF-THEN 형태의 문장으로 표현된다.
3번 - 소속 함수를 통해 정성적인 대상을 표현할 수 있다.
4번 - 비퍼지화(defuzzification)를 통해 퍼지 추론 결과를 하나의 실수 값으로 변환할 수 있다.",문제의 내용이 제공되지 않았습니다. 따라서 특정 선택지가 옳지 않다는 것을 판단할 수 없습니다. 특별한 문제나 추가적인 정보를 제공해주시면 문제에 대한 정확한 답변을 제공할 수 있습니다.,1
gpt-4,./data/data_exq.json,"합성곱 신경망과 순환 신경망(RNN, Recurrent Neural Network)에 대한 설명으로 옳지 않은 것은?","선택지:
1번 - 순환 신경망은 기울기 소멸(vanishing gradient) 문제가 심각하게 발생하지 않는 장점이 있다.
2번 - 순환 신경망에서는 일반적으로 하이퍼볼릭 탄젠트(hyperbolic tangent) 함수(tanh())를 활성화 함수로 사용한다.
3번 - 합성곱 신경망은 특징 추출을 담당하는 합성곱층과 분류를 담당하는 전결합층을 포함하는 다층 퍼셉트론 모델의 한 종류이다.
4번 - 합성곱 신경망은 필터로 특징을 추출하고 풀링을 이용하여 입력의 변화에 강건한(robust) 방식으로 사물을 분류한다.","정답은 ""순환 신경망은 기울기 소멸(vanishing gradient) 문제가 심각하게 발생하지 않는 장점이 있다.""입니다. 더 정확한 말로는 순환 신경망(RNN)은 직접적으로 장기 의존성(long-term dependencies)을 학습하기 어렵기 때문에, 실제로 기울기 소멸(vanishing gradient) 문제를 가지고 있다. 이 문제를 해결하기 위해 LSTM(Long Short-Term Memory) 등의 변형 모델이 개발되었습니다. 이 외 세가지 선택지는 모두 옳은 서술입니다.",1
gpt-4,./data/data_exq.json,다음 중 컴퓨터 시각 시스템의 처리 단계를 올바르게 정의한 것은?,"선택지:
1번 - 전처리: 영상 내의 처리 대상을 적절한 데이터로 표현한다.
2번 - 특징화: 취득한 영상을 처리하기 좋은 형태로 가공한다.
3번 - 영상분할: 영상을 몇 개의 의미 있는 영역으로 나눈다.
4번 - 영상 포획: 잡음을 제거하여 깨끗한 영상을 얻는다.",1: 전처리: 영상 내의 처리 대상을 적절한 데이터로 표현한다.,3
gpt-4,./data/data_exq.json,다음 중 군집을 구성하는 표본들의 통계적 분포를 고려한 거리 측정자는?,"선택지:
1번 - 유클리드 거리
2번 - 해밍 거리
3번 - 도시블록 거리
4번 - 마할라노비스 거리",답: 마할라노비스 거리,4
gpt-4,./data/data_exq.json,다음 중 자율학습에 대한 설명으로 올바른 것은?,"선택지:
1번 - 입력 값만 학습 데이터로 제공되며, 입력에 대한 출력 값은 제공되지 않는다.
2번 - 입력에 대한 시스템의 출력을 기대하는 출력과 같아지도록 시스템을 변화시킨다.
3번 - 입력의 행동에 따른 보상이 최대화되도록 학습을 진행한다.
4번 - 학습 데이터는 (입력, 출력) 쌍의 형태이다.","답: 입력 값만 학습 데이터로 제공되며, 입력에 대한 출력 값은 제공되지 않는다.",1
gpt-4,./data/data_exq.json,다음 중 독립변수와 종속변수 사이의 상관관계를 선형함수로 모델링하는 것을 일컫는 것은?,"선택지:
1번 - 선형회귀
2번 - 군집화
3번 - 결정트리 학습
4번 - 주성분 분석","선택지 중에서 ""선형회귀""가 독립변수와 종속변수 사이의 상관관계를 선형함수로 모델링하는 것을 일컫습니다.",1
gpt-4,./data/data_exq.json,다음 중 로지스틱 회귀를 이용하여 학습할 수 있는 것은?,"선택지:
1번 - 독립변수와 종속변수 사이의 관계를 2차 함수로 나타낸다.
2번 - 독립변수에 따라 군집화를 한다.
3번 - 일련의 행동에 따른 보상이 최대로 되도록 학습을 한다.
4번 - 독립변수의 값에 따라 종속변수가 0 또는 1이라는 값을 낼 수 있는 가설을 학습한다.",4. 독립변수의 값에 따라 종속변수가 0 또는 1이라는 값을 낼 수 있는 가설을 학습한다.,4
gpt-4,./data/data_exq.json,다음 중 k-평균 군집화에 대한 설명으로 올바른 것은?,"선택지:
1번 - 자율학습 방식으로 학습한다.
2번 - 강화학습 방식으로 학습한다.
3번 - 하나의 학습 표본은 k개의 데이터로 구성된다.
4번 - 각각의 학습 표본은 (입력 벡터, 출력)의 쌍으로 구성된다.",1. 자율학습 방식으로 학습한다.,1
gpt-4,./data/data_exq.json,다음 중 단층 퍼셉트론에 대한 설명으로 올바른 것은?,"선택지:
1번 - 강화학습 방식으로 학습한다.
2번 - XOR 문제를 풀기할 수 있도록 학습할 수 있다.
3번 - 선형 결정경계를 형성할 수 있도록 학습할 수 있다.
4번 - 군집화에 사용되는 신경회로망 모델이다.",답: 선형 결정경계를 형성할 수 있도록 학습할 수 있다.,3
gpt-4,./data/data_exq.json,트리 탐색의 결과로 전역 최적값이 보장되는 기법은?,"선택지:
1번 - 너비 우선 탐색(breadth-first search)
2번 - 허용성(admissibility)을 갖지 않는 A* 알고리즘
3번 - 언덕 오르기 방법(hill climbing method)
4번 - 탐색 깊이 제한이 있는 깊이 우선 탐색(depth-first search)",1번: 너비 우선 탐색(breadth-first search),1
gpt-4,./data/data_exq.json,오차 역전파 모델에서 경사하강법에 따라 연결 가중치 W를 학습할 때 사용할 수 있는 관성항의 용도는 무엇인가?,"선택지:
1번 - 단층 퍼셉트론으로 비선형 경계를 학습할 수 있게 한다
2번 - 자율학습 방식으로 학습하기 위해 사용한다.
3번 - 활성함수를 제거할 수 있게 한다.
4번 - 지역최소치 문제나 고원 문제를 개선한다.",4. 지역최소치 문제나 고원 문제를 개선한다.,4
gpt-4,./data/data_exq.json,다음 중 심층 신경망에서 출력층의 오차에 따른 연결가중치의 변화량이 입력층 방향으로 내려갈수록 크게 감소하여 학습이 진행되지 않는 문제를 일컫는 것은?,"선택지:
1번 - 지역 최소치 문제
2번 - 경사 소멸 문제
3번 - 과적합 문제
4번 - 능선 문제",답변: 2. 경사 소멸 문제,2
gpt-4,./data/data_exq.json,CNN 모델에서 필터를 적용함으로써 특징을 검출하는 역할을 하는 층은?,"선택지:
1번 - ReLU 층
2번 - 통합(pooling)층
3번 - 완전연결층
4번 - 합성곱(convolution)층",답: 합성곱(convolution)층,4
gpt-4,./data/data_exq.json,"제한 볼츠만 머신과 같은 자율학습 신경망을 여러 층 쌓은 모델로, 학습표본 집합의 확률 분포를 학습할 수 있는 확률적 심층 신경망 모델에 해당되는 것은?","선택지:
1번 - 심층 신뢰망(deep belief nets)
2번 - LVQ(Learning Vector Quantization)
3번 - ReLU(Rectified Linear Unit)
4번 - 볼츠만 머신(Boltzmann machine)",답: 심층 신뢰망(deep belief nets),1
gpt-4,./data/data_hf.json,우리가 비용 함수의 기울기를 계산하고 그 결과를 벡터 g에 저장했다고 가정합시다. 기울기를 주어진 상태에서 하나의 경사 하강법 업데이트에 드는 비용은 무엇인가요?,"선택지:
1번 - O(4)
2번 - O(N)
3번 - O(N4)
4번 - O(N4^2)",문제의 주어진 정보만으로는 정확한 답변을 제공할 수 없습니다. 상세한 문제를 제공해주시면 정확한 답변을 드릴 수 있습니다.,1
gpt-4,./data/data_hf.json,"문장 1| 연속 확률 변수 x와 그 확률 분포 함수 p(x)에 대해, 모든 x에 대해 0≤p(x)≤1 이 성립한다. 문장 2| 결정 트리는 정보 이득을 최소화하여 학습된다.","선택지:
1번 - 참, 참
2번 - 거짓, 거짓
3번 - 참, 거짓
4번 - 거짓, 참","문장 1은 참이지만, 문장 2는 거짓입니다. 따라서 ""참, 거짓""을 선택해야 합니다. 결정 트리는 정보 이득을 최대화하여 학습되기 때문입니다. 이를 통해 불순도가 가장 낮은 방향으로 트리를 생성합니다. 따라서 선택지 중 ""참, 거짓""이 정답입니다.",2
gpt-4,./data/data_hf.json,"문장 1| 연속 확률 변수 x와 그 확률 분포 함수 p(x)에 대해, 모든 x에 대해 0≤p(x)≤1 이 성립한다. 문장 2| 결정 트리는 정보 이득을 최소화하여 학습된다.","선택지:
1번 - 참, 참
2번 - 거짓, 거짓
3번 - 참, 거짓
4번 - 거짓, 참","문장 1이 참이고, 문장 2가 거짓입니다. 

확률밀도함수는 모든 x에 대해 0이상이며, 그래프 아래의 전체 영역을 적분하면 1이 되는 함수입니다. 이는 확률의 성질을 만족시키므로, 문장 1은 참입니다. 

하지만 결정 트리의 학습은 정보 이득을 최대화 하려고 합니다. 정보 이득은 부모 노드의 불순성과 자식 노드들의 불순성 차이를 의미하며, 이를 최대화 함으로써 불순성이 감소하도록 학습합니다. 따라서 문장 2는 거짓입니다. 

따라서 정답은 ""참, 거짓"" 입니다.",2
gpt-4,./data/data_hf.json,아래 주어진 베이지안 네트워크를 고려하십시오. 이 베이지안 네트워크에 필요한 독립적인 파라미터의 수는 얼마인가요? H -> U <- P <- W,"선택지:
1번 - 2
2번 - 4
3번 - 8
4번 - 16","이 질문에 답하기 위해서는 이진 변수를 가정하면 문제를 쉽게 풀 수 있습니다. 각 노드에 이진 변수(참 또는 거짓)를 할당할 수 있다고 가정하면, 각 노드는 두 가지 상태 중 하나를 가질 수 있습니다. 

1) H는 U로부터 화살표를 받고 있으므로, U의 두 가지 상태 각각에 대해 H는 두 가지 상태를 가질 수 있습니다. 따라서, H에 대한 독립적인 파라미터의 수는 2x2 = 4가 됩니다.

2) U는 H와 P로부터 화살표를 받고 있으므로, H와 P의 상태 조합은 2x2 = 4가지가 가능하며, U는 각 조합에 대해 두 가지 상태를 가질 수 있습니다. 따라서, U에 대한 독립적인 파라미터의 수는 4x2 = 8이 됩니다.

3) P는 W로부터 화살표를 받고 있으므로, W의 두 가지 상태 각각에 대해 P는 두 가지 상태를 가질 수 있습니다. 따라서, P에 대한 독립적인 파라미터의 수는 2x2 = 4가 됩니다.

4) W는 상위 노드가 없으므로 W의 상태를 결정하는 파라미터는 단 한 개인 확률 P(W)이 됩니다.

따라서, 전체 독립적인 파라미터의 수는 4 (H) + 8 (U) + 4 (P) + 1 (W) = 17입니다. 하지만 이 선택지는 주어진 선택지 중에 없습니다. 따라서 문제가 잘못 제시되었거나 또는 베이지안 네트워크에 대한 이해를 바탕으로 문제를 해결할 수 있도록 필요한 추가 정보가 없는 것 같습니다. 풀어야 하는 문제나 베이지안 네트워크에 대한 추가 정보를 제공해 주시면 더 정확한 답변을 드릴 수 있습니다.",3
gpt-4,./data/data_hf.json,"훈련 예제의 수가 무한대로 증가하면, 해당 데이터로 훈련된 모델은 다음과 같을 것입니다:","선택지:
1번 - 더 낮은 분산
2번 - 더 높은 분산
3번 - 같은 분산
4번 - 위의 어느 것도 아님",답: 더 낮은 분산,1
gpt-4,./data/data_hf.json,문장 1| 2D 평면에서 모든 직사각형 집합(축에 정렬되지 않은 직사각형도 포함)은 5개의 점 집합을 깨뜨릴 수 있다. 문장 2| k = 1일 때 k-최근접 이웃 분류기의 VC 차원은 무한하다.,"선택지:
1번 - 참, 참
2번 - 거짓, 거짓
3번 - 참, 거짓
4번 - 거짓, 참",문제에서 요청하는 선택지를 제공하신 것 같지 않습니다. 선택지를 제공해주시면 답변을 드리도록 하겠습니다.,1
gpt-4,./data/data_hf.json,_는 훈련 데이터를 모델링할 수도 없고 새로운 데이터로 일반화할 수도 없는 모델을 나타낸다.,"선택지:
1번 - 잘 맞는 모델
2번 - 과적합
3번 - 과소적합
4번 - 위의 모든 항목",3. 과소적합,3
gpt-4,./data/data_hf.json,문장 1| F1 점수는 클래스 불균형이 큰 데이터셋에서 특히 유용할 수 있다. 문장 2| ROC 곡선 아래 면적은 이상 탐지기를 평가하는 데 사용되는 주요 지표 중 하나이다.,"선택지:
1번 - 참, 참
2번 - 거짓, 거짓
3번 - 참, 거짓
4번 - 거짓, 참","문제를 제대로 이해하기 위해서는 먼저 주어진 선택지의 개수가 잘못되었다는 것을 인지해야 합니다. 올바르게는 4개의 선택지가 있어야 하지만, 여기서는 8개의 선택지가 주어졌습니다. 

뿐만 아니라, 각 선택지는 두 개의 명제 (참 또는 거짓)를 포함하고 있기 때문에, 결론적으로 각 선택지는 두 문장 각각에 대한 참/거짓을 나타내야 합니다. 따라서 올바른 선택지 형태는 다음과 같습니다: 

1. 문장 1: 참, 문장 2: 참
2. 문장 1: 참, 문장 2: 거짓
3. 문장 1: 거짓, 문장 2: 참
4. 문장 1: 거짓, 문장 2: 거짓

이제 각 문장의 내용을 살펴봅시다.

문장 1: ""F1 점수는 클래스 불균형이 큰 데이터셋에서 특히 유용할 수 있다."" F1 점수는 정밀도와 재현율의 조화평균이며 클래스 불균형이 큰 데이터셋에서 이런 지표들이 중요하므로 이 문장은 참입니다. 

문장 2: ""ROC 곡선 아래 면적은 이상 탐지기를 평가하는 데 사용되는 주요 지표 중 하나이다."" ROC-AUC는 이진 분류기의 성능을 측정하는 데 널리 사용되는 지표입니다. 이상 탐지와 같은 문제에서도 성능 평가 지표로 사용될 수 있습니다. 따라서 이 문장도 참입니다.

결과적으로, 선택지 중 ""문장 1: 참, 문장 2: 참""을 표현하는 번호가 정답입니다. 따라서 1번 선택지가 정답입니다.",1
gpt-4,./data/data_hf.json,문장 1| 역전파 알고리즘은 숨겨진 층을 가진 전역 최적 신경망을 학습한다. 문장 2| 직선의 VC 차원은 최대 2여야 한다. 왜냐하면 3개의 점 중 어떤 직선으로도 분리할 수 없는 경우가 적어도 하나 존재하기 때문이다.,"선택지:
1번 - 참, 참
2번 - 거짓, 거짓
3번 - 참, 거짓
4번 - 거짓, 참","1) 참, 참
2) 거짓, 참
3) 참, 거짓
4) 거짓, 거짓

먼저, ""역전파 알고리즘은 숨겨진 층을 가진 전역 최적 신경망을 학습한다""는 거짓입니다. 역전파 알고리즘이란, 신경망에서 출력값과 실제값의 차이(오차)를 최소화하도록 가중치를 조정하는 과정입니다. 그러나 이는 반드시 전역 최적해를 찾는다는 보장은 없습니다. 보통 신경망은 비선형 함수이기에, 이를 최적화하는 것은 결국 수많은 지역 최적점들 중에서 전역 최적점을 찾아낼 수 있을지 없을지를 보는 것인데, 이는 초기 가중치에 따라 결정된다. 따라서 이 문장은 거짓입니다.

다음으로 ""직선의 VC 차원은 최대 2여야 한다. 왜냐하면 3개의 점 중 어떤 직선으로도 분리할 수 없는 경우가 적어도 하나 존재하기 때문이다""는 참입니다. VC(Vapnik-Chervonenkis) 차원이란, 어떤 가설 공간이 결정할 수 있는 가장 큰 크기의 데이터셋을 참조하는 학습 이론의 개념입니다. 이를 직선의 예로 들면, 2차원 공간에서 직선의 VC 차원은 3입니다. 왜냐하면 3개의 임의의 점은 항상 직선으로 분리할 수 있지만, 4개의 점 중 일부는 분리할 수 없는 경우가 생기게 됩니다.

따라서, 4. '거짓, 참'이 정답입니다.",2
gpt-4,./data/data_hf.json,높은 엔트로피는 분류에서 분할이,"선택지:
1번 - 순수하다
2번 - 순수하지 않다
3번 - 유용하다
4번 - 쓸모없다",2. 순수하지 않다,2
gpt-4,./data/data_hf.json,"문장 1| 레이어 정규화는 원본 ResNet 논문에서 사용되었고, 배치 정규화는 사용되지 않았다. 문장 2| DCGAN은 훈련 안정화를 위해 자기 주의를 사용한다.","선택지:
1번 - 참, 참
2번 - 거짓, 거짓
3번 - 참, 거짓
4번 - 거짓, 참","문장 1과 문장 2 모두 거짓입니다. 원본 ResNet 논문에서는 배치 정규화가 사용되었고, 레이어 정규화는 사용되지 않았습니다. 또한 DCGAN은 자기 주의를 사용하지 않습니다. 따라서 답은 4번 선택지인 '거짓, 거짓'입니다.",2
gpt-4,./data/data_hf.json,"특정 데이터셋에 대해 선형 회귀 모델을 구축할 때, 하나의 특성의 계수가 상대적으로 높은 음수 값을 가짐을 관찰한다. 이는 다음을 시사한다:","선택지:
1번 - 이 특성은 모델에 강한 영향을 미친다(유지해야 함)
2번 - 이 특성은 모델에 강한 영향을 미치지 않는다(무시해야 함)
3번 - 이 특성의 중요성에 대해 추가 정보 없이는 언급할 수 없다
4번 - 무엇도 결정할 수 없다",1: 이 특성은 모델에 강한 영향을 미친다(유지해야 함),3
gpt-4,./data/data_hf.json,"신경망에서, 과소적합(즉, 높은 편향 모델)과 과적합(즉, 높은 분산 모델) 사이의 균형에 가장 큰 영향을 미치는 구조적 가정은 무엇인가?","선택지:
1번 - 숨겨진 노드의 수
2번 - 학습률
3번 - 초기 가중치 선택
4번 - 상수항 입력 유닛 사용",이 질문의 답은 '숨겨진 노드의 수'입니다. 신경망에서 숨겨진 노드의 수는 모델의 복잡성과 표현력을 결정하므로 과소적합과 과적합 사이의 균형에 큰 영향을 미칩니다.,1
gpt-4,./data/data_hf.json,"다항 회귀에서, 과소적합과 과적합 사이의 균형에 가장 큰 영향을 미치는 구조적 가정은 무엇인가?","선택지:
1번 - 다항식의 차수
2번 - 가중치를 행렬 역산법 또는 경사 하강법으로 학습할지 여부
3번 - 가우시안 잡음의 가정된 분산
4번 - 상수항 입력 유닛 사용",다항식의 차수,1
gpt-4,./data/data_hf.json,"문장 1| 2020년 기준으로, 일부 모델은 CIFAR-10에서 98% 이상의 정확도를 달성한다. 문장 2| 원래 ResNet은 Adam 옵티마이저로 최적화되지 않았다.","선택지:
1번 - 참, 참
2번 - 거짓, 거짓
3번 - 참, 거짓
4번 - 거짓, 참","기반 정보가 제공되지 않아, 해당 문제의 답을 정확히 알 수 없습니다.
하지만 일반적인 상황에서, 4가지 선택지를 제공해야 하는데 여기서는 8개의 선택지가 주어졌으며, 각 선택지의 내용도 둘밖에 없으므로 문제 자체가 잘 못 설정되었음을 알 수 있습니다.",1
gpt-4,./data/data_hf.json,K-평균 알고리즘은:,"선택지:
1번 - 특징 공간의 차원이 샘플 수보다 커서는 안 된다
2번 - K = 1일 때 목적 함수의 값이 가장 작다
3번 - 주어진 클러스터 수에 대해 클래스 내 분산을 최소화한다
4번 - 초기 중심이 샘플 중 일부로 선택된 경우에만 전역 최적점으로 수렴한다","선택지 중에서 ""주어진 클러스터 수에 대해 클래스 내 분산을 최소화한다""가 K-평균 알고리즘의 목적에 가장 가깝습니다. 따라서 답은 3입니다.",3
gpt-4,./data/data_hf.json,문장 1| VGGNet은 AlexNet의 첫 번째 층 커널보다 더 작은 너비와 높이를 가진 합성곱 커널을 가지고 있다. 문장 2| 데이터 의존적인 가중치 초기화 절차는 배치 정규화 이전에 도입되었다.,"선택지:
1번 - 참, 참
2번 - 거짓, 거짓
3번 - 참, 거짓
4번 - 거짓, 참",선택지가 4개 있어야 하지만 주어진 선택지는 8개가 있습니다. 이럴 경우 정확한 답변을 할 수 없습니다. 좀 더 명확한 정보를 제공해 주시면 감사하겠습니다.,1
gpt-4,./data/data_hf.json,"다음 행렬의 랭크는 얼마인가? A = [[1, 1, 1], [1, 1, 1], [1, 1, 1]]","선택지:
1번 - 0
2번 - 1
3번 - 2
4번 - 3","답: 2번, 1. 이 행렬의 랭크는 모든 행이 서로 동일하므로 1입니다.",2
gpt-4,./data/data_hf.json,문장 1| 밀도 추정(예: 커널 밀도 추정기 사용)은 분류를 수행하는 데 사용할 수 있다. 문장 2| 로지스틱 회귀와 가우시안 나이브 베이즈(동일 클래스 공분산을 가진) 간의 대응 관계는 두 분류기의 매개변수 간에 일대일 대응이 있음을 의미한다.,"선택지:
1번 - 참, 참
2번 - 거짓, 거짓
3번 - 참, 거짓
4번 - 거짓, 참",정보가 불완전하여 정확한 선택을 할 수 없습니다. 문제의 선택지와 함께 문제를 제시해 주시기 바랍니다.,3
gpt-4,./data/data_hf.json,우리가 집들의 기하학적 위치와 같은 공간 데이터를 클러스터링하려고 한다고 가정합시다. 우리는 크기와 형태가 다른 여러 클러스터를 만들고자 합니다. 다음 방법 중 가장 적합한 방법은 무엇인가요?,"선택지:
1번 - 결정 트리
2번 - 밀도 기반 클러스터링
3번 - 모델 기반 클러스터링
4번 - K-평균 클러스터링",밀도 기반 클러스터링,2
gpt-4,./data/data_hf.json,문장 1| AdaBoost에서 잘못 분류된 예제들의 가중치는 동일한 곱셈 인자만큼 증가한다. 문장 2| AdaBoost에서 t번째 약한 분류기의 훈련 데이터에 대한 가중 훈련 오류 e_t는 t에 따라 증가하는 경향이 있다.,"선택지:
1번 - 참, 참
2번 - 거짓, 거짓
3번 - 참, 거짓
4번 - 거짓, 참","두 문장 모두 참이므로, 답변은 ""참, 참""을 의미하는 '1'을 선택합니다. 

설명: AdaBoost 알고리즘은 분류 작업에서 잘못 분류된 예제들의 가중치를 증가시킴으로써 그 이후 단계에서 이러한 예제들에 더욱 집중하게 만듭니다. 이는 AdaBoost가 잘못 예측된 예제들을 개선하는 방법입니다.

또한, AdaBoost에서 각 약한 분류기의 훈련 데이터에 대한 가중 훈련 오류는 일반적으로 약한 분류기를 통해 반복될 때마다 증가하는 경향이 있습니다. 이는 분류기가 훈련 데이터를 완전히 잘못 분류하는 것을 막기 위해 가중치가 부여됩니다. 이러한 방식은 알고리즘이 보다 강력한 분류기를 생성할 수 있도록 도와줍니다.",1
gpt-4,./data/data_hf.json,MLE 추정치는 종종 바람직하지 않은데 그 이유는 무엇인가요?,"선택지:
1번 - 편향이 있다
2번 - 분산이 크다
3번 - 일관된 추정자가 아니다
4번 - 위의 어느 것도 아님","MLE (최대 가능도 추정) 추정치는 일반적으로 바람직하지 않을 수 있는데, 그 이유는 ""분산이 크다"" 때문입니다. 최대 가능도 추정은 모델의 파라미터를 추정할 때 사용하는 방법 중 하나이며, 이 방법이 주는 추정치는 분산이 크기 때문에 데이터에 과적합되기 쉽습니다. 따라서, 선택지 중 ""분산이 크다""가 바람직하지 않은 이유가 됩니다.",2
gpt-4,./data/data_hf.json,경사 하강법의 계산 복잡도는 무엇인가요?,"선택지:
1번 - 4에 대해 선형
2번 - N에 대해 선형
3번 - 4에 대해 다항식
4번 - 반복 횟수에 의존",답: N에 대해 선형,3
gpt-4,./data/data_hf.json,여러 결정 트리의 출력을 평균내는 것은 _에 도움이 된다.,"선택지:
1번 - 편향 증가
2번 - 편향 감소
3번 - 분산 증가
4번 - 분산 감소",답변: 분산 감소,4
gpt-4,./data/data_hf.json,"질병 D의 발생률이 100명 중 5명(즉, P(D) = 0.05)이라고 하자. 부울 랜덤 변수 D는 환자가 '질병 D를 가지고 있다'를 의미하고, 부울 랜덤 변수 TP는 '양성 반응을 나타낸다'를 의미한다. 질병 D에 대한 검사는 매우 정확한 것으로 알려져 있으며, 질병이 있을 때 양성 반응을 보일 확률은 0.99이고, 질병이 없을 때 음성 반응을 보일 확률은 0.97이다. P(TP), 즉 양성 반응을 나타낼 확률은 얼마인가?","선택지:
1번 - 0.0368
2번 - 0.473
3번 - 0.078
4번 - 위의 어느 것도 아님","P(TP)는 환자가 양성 반응을 나타내는 확률로 베이즈의 정리를 이용하여 다음과 같이 계산할 수 있다.

베이즈의 정리는 P(A|B) = P(B|A) * P(A) / P(B)로 주어진다.

이 문제에서, A와 B는 질병(D)와 양성 반응(TP)에 대응되며, 다음과 같이 이해할 수 있다.
P(D|TP) = P(TP|D) * P(D) / P(TP)

문제에서 P(D) = 0.05, P(TP|D) = 0.99(질병이 있을 때 양성 반응을 나타낼 확률)으로 주어진다. 우리는 P(TP)를 찾아야 한다.

그리고 P(TP)는 두 사건, 즉 질병이 있을 때 양성 반응을 보이는 경우와 질병이 없을 때 양성 반응을 보이는 경우의 합으로 이해할 수 있다.

즉, P(TP) = P(TP|D) * P(D) + P(TP|~D) * P(~D)

여기서 P(TP|~D)는 질병이 없을 때 양성 반응을 나타낼 확률로, 이는 1 - P(~TP|~D) = 1 - 0.97 = 0.03으로 계산할 수 있다. 그리고 P(~D)는 1 - P(D) = 1 - 0.05 = 0.95로 계산할 수 있다.

따라서 P(TP) = 0.99 * 0.05 + 0.03 * 0.95 = 0.0495 + 0.0285 = 0.078 이므로, 정답은 0.078이다. 따라서 선택지 3번이 정답이다.",3
gpt-4,./data/data_hf.json,다음 중 결정 트리를 가지치기 하는 주요 이유는 무엇인가요?,"선택지:
1번 - 테스트 중 계산 시간을 절약하기 위해
2번 - 결정 트리를 저장하기 위한 공간을 절약하기 위해
3번 - 훈련 세트 오류를 더 작게 만들기 위해
4번 - 훈련 세트의 과적합을 피하기 위해",답은 4. 훈련 세트의 과적합을 피하기 위해 입니다.,4
gpt-4,./data/data_hf.json,"모델이 과적합되고 있다고 가정했을 때, 과적합을 줄이기 위한 유효한 방법이 아닌 것은 무엇인가요?","선택지:
1번 - 훈련 데이터의 양을 증가시킨다.
2번 - 오류 최소화를 위한 최적화 알고리즘을 개선한다.
3번 - 모델의 복잡도를 줄인다.
4번 - 훈련 데이터의 노이즈를 줄인다.",2. 오류 최소화를 위한 최적화 알고리즘을 개선한다.,2
gpt-4,./data/data_hf.json,문장 1| 소프트맥스 함수는 다중 클래스 로지스틱 회귀에서 일반적으로 사용된다. 문장 2| 비균등 소프트맥스 분포의 온도는 엔트로피에 영향을 미친다.,"선택지:
1번 - 참, 참
2번 - 거짓, 거짓
3번 - 참, 거짓
4번 - 거짓, 참",선택지가 요청과 일치하지 않습니다. 1부터 4까지의 선택지를 제공해주세요.,1
gpt-4,./data/data_hf.json,다음 중 SVM에 대해 참인 것은 무엇인가요?,"선택지:
1번 - 2차원 데이터 포인트에 대해, 선형 SVM이 학습한 분리 초평면은 직선이 된다.
2번 - 이론적으로, 가우시안 커널 SVM은 복잡한 분리 초평면을 모델링할 수 없다.
3번 - SVM에서 사용되는 모든 커널 함수에 대해, 등가의 폐쇄형 기저 확장을 얻을 수 있다.
4번 - SVM에서 과적합은 지원 벡터의 수와는 관련이 없다.","답: 1. 2차원 데이터 포인트에 대해, 선형 SVM이 학습한 분리 초평면은 직선이 된다.",1
gpt-4,./data/data_hf.json,"주어진 베이지안 네트워크 H -> U <- P <- W에 의해 설명되는 H, U, P, W의 결합 확률은 무엇인가요? [조건부 확률의 곱으로서]","선택지:
1번 - P(H, U, P, W) = P(H) * P(W) * P(P) * P(U)
2번 - P(H, U, P, W) = P(H) * P(W) * P(P | W) * P(W | H, P)
3번 - P(H, U, P, W) = P(H) * P(W) * P(P | W) * P(U | H, P)
4번 - 위의 어느 것도 아님","P(H, U, P, W) = P(H) * P(W) * P(P | W) * P(U | H, P)",3
gpt-4,./data/data_hf.json,문장 1| ID3 알고리즘은 최적의 결정 트리를 찾을 수 있도록 보장된다. 문장 2| 밀도 함수 f()가 모든 곳에서 0이 아닌 연속 확률 분포를 고려하자. 값 x의 확률은 f(x)와 같다.,"선택지:
1번 - 참, 참
2번 - 거짓, 거짓
3번 - 참, 거짓
4번 - 거짓, 참","문장 1에 대한 답변은 거짓이고, 문장 2에 대한 답변은 거짓입니다. ID3 알고리즘은 최적의 결정 트리를 찾을 수 있도록 보장하지 않습니다. 또한, 밀도 함수 f()에서 값 x의 확률은 f(x)와 같다는 설명은 잘못되었습니다. 확률은 확률 밀도 함수를 통한 적분입니다. 따라서, 선택지 중 '거짓, 거짓'이 올바른 답변입니다.",2
gpt-4,./data/data_hf.json,"N개의 입력 노드와 은닉층이 없고, 하나의 출력 노드가 있는 신경망이 주어졌을 때, 엔트로피 손실 함수와 시그모이드 활성화 함수가 주어졌을 때, 다음 중 적절한 하이퍼파라미터와 초기화로 전역 최적값을 찾을 수 있는 알고리즘은 무엇인가요?","선택지:
1번 - 확률적 경사 하강법
2번 - 미니배치 경사 하강법
3번 - 배치 경사 하강법
4번 - 위의 모든 것",4. 위의 모든 것,4
gpt-4,./data/data_hf.json,Out-of-distribution 탐지를 위한 또 다른 용어는 무엇인가요?,"선택지:
1번 - 이상 탐지
2번 - 일 클래스 탐지
3번 - 훈련-테스트 불일치 강건성
4번 - 배경 탐지",1. 이상 탐지,1
gpt-4,./data/data_hf.json,문장 1| 우리는 약한 학습기 h를 부스팅하여 분류기 f를 학습한다. f의 결정 경계의 함수형은 h와 동일하지만 매개변수가 다르다. (예: h가 선형 분류기라면 f도 선형 분류기이다). 문장 2| 교차 검증을 사용하여 부스팅에서 반복 횟수를 선택할 수 있다. 이 절차는 과적합을 줄이는 데 도움이 될 수 있다.,"선택지:
1번 - 참, 참
2번 - 거짓, 거짓
3번 - 참, 거짓
4번 - 거짓, 참","불행히도, 주어진 질문과 선택지는 직접 연결되어 있지 않습니다. 문제의 텍스트를 재확인하고, 재제출해주시면 감사하겠습니다. 만약 이해하기 어려운 부분이 있다면, 언제든 질문해주세요.",4
gpt-4,./data/data_hf.json,"훈련 데이터셋에서 N이 인스턴스의 수일 때, 최근접 이웃 분류기의 실행 시간은","선택지:
1번 - O(1)
2번 - O( N )
3번 - O(log N )
4번 - O( N^2 )",답: O( N ),2
gpt-4,./data/data_hf.json,"문장 1| 원래 ResNet과 Transformer는 모두 피드포워드 신경망이다. 문장 2| 원래 Transformer는 자기 주의를 사용하지만, 원래 ResNet은 사용하지 않는다.","선택지:
1번 - 참, 참
2번 - 거짓, 거짓
3번 - 참, 거짓
4번 - 거짓, 참","질문을 제대로 구성해주시면 답변을 드리겠습니다. 현재 제공된 선택지는 4개가 아니며, 각 문장에 대한 참/거짓 판단이 나타나지 않습니다. 다시 문제를 제시해주시면 감사하겠습니다.",1
gpt-4,./data/data_hf.json,다음 중 공간 클러스터링 알고리즘은 무엇인가요?,"선택지:
1번 - 분할 기반 클러스터링
2번 - K-평균 클러스터링
3번 - 격자 기반 클러스터링
4번 - 위의 모든 것",답변: 위의 모든 것,4
gpt-4,./data/data_hf.json,문장 1| 서포트 벡터 머신이 구성하는 최대 여유 결정 경계는 모든 선형 분류기 중에서 가장 낮은 일반화 오류를 가진다. 문장 2| 클래스 조건부 가우시안 분포를 가진 생성 모델에서 얻은 어떤 결정 경계도 원칙적으로 SVM과 다항 커널 차수 3 이하로 재현될 수 있다.,"선택지:
1번 - 참, 참
2번 - 거짓, 거짓
3번 - 참, 거짓
4번 - 거짓, 참","답: 거짓, 참",4
gpt-4,./data/data_hf.json,문장 1| 선형 모델의 L2 정규화는 L1 정규화보다 모델을 더 희소하게 만든다. 문장 2| 잔차 연결은 ResNet과 Transformer에서 찾을 수 있다.,"선택지:
1번 - 참, 참
2번 - 거짓, 거짓
3번 - 참, 거짓
4번 - 거짓, 참","문장 1은 거짓이고, 문장 2는 참입니다. 따라서 정답은 거짓, 참입니다. 선택지에서 순서대로 6번째 선택지에 해당합니다.",4
gpt-4,./data/data_hf.json,배깅을 수행할 때 과적합을 방지하는 것은 무엇인가요?,"선택지:
1번 - 샘플링 기법으로 교체를 사용하는 것
2번 - 약한 분류기를 사용하는 것
3번 - 과적합에 취약하지 않은 분류 알고리즘을 사용하는 것
4번 - 훈련된 모든 분류기에 대해 수행되는 검증 절차",샘플링 기법으로 교체를 사용하는 것,2
gpt-4,./data/data_hf.json,"다음 행렬의 영공간의 차원은 얼마인가요? A = [[3, 2, −9], [−6, −4, 18], [12, 8, −36]]","선택지:
1번 - 0
2번 - 1
3번 - 2
4번 - 3","이 문제는 행렬의 영공간의 차원을 찾는 문제입니다. 영공간(Null Space)은 행렬 A를 사용하여 Ax = 0 을 만족하는 모든 벡터 x의 집합입니다. 여기서 주어진 행렬 A는 2번째 행이 첫 번째 행의 -2배이고, 3번째 행은 첫 번째 행의 4배인 것을 알 수 있습니다. 즉, 모든 행들이 선형 종속이므로, 이 행렬의 랭크는 1입니다. 그리고 이 행렬은 3x3 행렬이므로 전체 공간의 차원은 3입니다. 여기서 영공간의 차원은 전체 공간의 차원에서 랭크를 뺀 것입니다. 따라서 영공간의 차원은 3 - 1 = 2 입니다. 따라서 선택지 중 2가 해당 문제의 해답이 됩니다.",3
gpt-4,./data/data_hf.json,서포트 벡터란 무엇인가요?,"선택지:
1번 - 결정 경계에서 가장 먼 예제들
2번 - SVM에서 f(x)를 계산하는 데 필요한 유일한 예제들
3번 - 데이터 중심
4번 - SVM에서 비제로 가중치 αk를 가진 모든 예제들","1. 결정 경계에서 가장 먼 예제들
2. SVM에서 f(x)를 계산하는 데 필요한 유일한 예제들
3. 데이터 중심
4. SVM에서 비제로 가중치 αk를 가진 모든 예제들

택 1을 선택하면 잘못될 수 있습니다. 서포트 벡터는 결정 경계에서 가장 가까운 예다. 따라서 1은 틀립니다. 또한, 3번 선정은 너무 모호하고 정확한 정의가 아닙니다.

4번의 서포트 벡터가 ""SVM에서 비제로 가중치 αk를 가진 모든 예제들""이라는 것은 맞지만, 이는 서포트 벡터의 수학적인 표현일 뿐입니다.

따라서, 이 선택지 중에서 가장 정확한 표현은 2번 ""SVM에서 f(x)를 계산하는 데 필요한 유일한 예제들""입니다. 서포트 벡터는 결정 경계를 만드는 데 영향을 주는 핵심 데이터 포인트를 의미하기 때문입니다. SVM의 결정 기능은 서포트 벡터를 통해서만 정의되므로, 서포트 벡터가 SVM에서 f(x)를 계산하는데 필요한 유일한 예제들이라고 말할 수 있습니다.",2
gpt-4,./data/data_hf.json,"훈련 손실이 에폭 수에 따라 증가한다면, 학습 과정에서 발생할 수 있는 문제는 무엇인가요?","선택지:
1번 - 정규화가 너무 낮고 모델이 과적합되고 있다
2번 - 정규화가 너무 높고 모델이 과소적합되고 있다
3번 - 단계 크기가 너무 크다
4번 - 단계 크기가 너무 작다",1. 정규화가 너무 낮고 모델이 과적합되고 있다,3
gpt-4,./data/data_hf.json,"질병 D의 발생률이 100명 중 5명(즉, P(D) = 0.05)이라고 하자. 부울 랜덤 변수 D는 환자가 '질병 D를 가지고 있다'를 의미하고, 부울 랜덤 변수 TP는 '양성 반응을 나타낸다'를 의미한다. 질병 D에 대한 검사는 매우 정확한 것으로 알려져 있으며, 질병이 있을 때 양성 반응을 보일 확률은 0.99이고, 질병이 없을 때 음성 반응을 보일 확률은 0.97이다. P(D | TP), 즉 양성 반응을 나타낼 확률은 얼마인가?","선택지:
1번 - 0.0495
2번 - 0.078
3번 - 0.635
4번 - 0.97","이 문제는 베이즈 정리를 사용하여 풀 수 있습니다. 베이즈 정리는 다음과 같습니다:

P(D|TP) = P(TP|D) * P(D) / P(TP)

우리는 문제에서 이미 P(TP|D) = 0.99, P(D) = 0.05를 알고 있습니다.

그런데, P(TP) 는 '실제로는 질병이 없지만 양성반응을 보이는 확률'과 '실제로 질병이 있고 양성반응을 보이는 확률' 즉, TP = D U ~D의 합일 것입니다.

이를 수식으로 나타내면: P(TP) = P(TP|D)P(D) + P(TP|~D)P(~D) 

P(TP|~D)는 '실제로는 질병이 없지만 양성반응을 보이는 확률'이므로 질병이 없는데도 불구하고 검사에서 양성반응이 나온 경우입니다. 질병이 없다고 음성 반응이 나올 확률이 0.97이라고 했으므로, 그 반대인 양성 반응이 나올 확률은 1 - 0.97 = 0.03입니다.

따라서 P(TP) = 0.99*0.05 + 0.03*0.95 = 0.0495 + 0.0285 = 0.078입니다.

이제 P(D|TP)을 구할 수 있습니다: P(D|TP) = 0.99*0.05 / 0.078 = 0.635

정답은 0.635입니다. 따라서 보기 중에서 3번이 정답입니다.",3
gpt-4,./data/data_hf.json,K-폴드 교차 검증은,"선택지:
1번 - K에 대해 선형
2번 - K에 대해 이차
3번 - K에 대해 삼차
4번 - K에 대해 지수",이 선택지는 K-폴드 교차 검증의 정의와 관련이 없습니다. K-폴드 교차 검증은 데이터 셋을 K개의 서브셋으로 나누고 각각을 테스트 세트로 사용하면서 나머지로 훈련 세트를 만드는 방법입니다. 따라서 주어진 선택지 중 어떠한 것도 질문에 대한 올바른 답변이 아닙니다.,1
gpt-4,./data/data_hf.json,"두 개의 부울 랜덤 변수 A와 B가 주어졌을 때, P(A) = 1/2, P(B) = 1/3, 그리고 P(A | ¬B) = 1/4이면, P(A | B)는 얼마인가?","선택지:
1번 - 1/6
2번 - 1/4
3번 - 3/4
4번 - 1","먼저, 이 문제를 해결하기 위해서는 베이즈 정리에 대한 이해가 필요합니다. 베이즈 정리는 P(A | ¬B)와 P(A | B) 사이의 관계를 설명합니다. 베이즈 정리에 따르면:

P(A | ¬B) = P(¬B | A) * P(A) / P(¬B) 

여기서 P(¬B | A)는 P(B | A)의 보수라고 할 수 있고, 1 - P(B | A)로 표현될 수 있습니다. 따라서 위의 식은

P(A | ¬B) = (1 - P(B | A)) * P(A) / P(¬B)

로 표현될 수 있습니다.

주어진 정보를 통해 P(¬B) = 1 - P(B) = 2/3을 알 수 있습니다. 또한, P(A | ¬B) = 1/4와 P(A) = 1/2 역시 주어져 있습니다.

따라서 위의 식을 이용하여 P(B | A)를 다음과 같이 계산할 수 있습니다:

1/4 = (1 - P(B | A)) * 1/2 / (2/3)

이를 풀면 P(B | A) = 1/2가 됩니다. 하지만 베이즈 정리에 따라 P(A | B)는 P(B | A) * P(A) / P(B)로 계산됩니다. 그래서,

P(A | B) = (1/2) * (1/2) / (1/3) = 3/4

따라서 올바른 답은 3/4입니다. 따라서 선택지 중에서 세 번째 선택지를 선택해야합니다.",4
gpt-4,./data/data_hf.json,"문장 1| 로지스틱 회귀 모델의 가능도(maximum likelihood)를 최대화하면 여러 개의 국소 최적값이 발생한다. 문장 2| 데이터 분포가 알려져 있으면, 나이브 베이즈 분류기가 다른 분류기보다 더 잘할 수 없다.","선택지:
1번 - 참, 참
2번 - 거짓, 거짓
3번 - 참, 거짓
4번 - 거짓, 참","문장 1은 거짓이고, 문장 2는 참입니다. 그래서 답은 '거짓, 참'이 됩니다. 따라서, 4번이 정답입니다.",2
gpt-4,./data/data_hf.json,"문장 1| SVM 학습 알고리즘은 객체 함수에 대해 전역 최적 가설을 찾을 수 있도록 보장된다. 문장 2| 방사형 기저 함수 커널을 통해 특성 공간 Q로 매핑된 후, 퍼셉트론은 원래 공간보다 더 나은 분류 성능을 달성할 수 있다(하지만 이를 보장할 수는 없다).","선택지:
1번 - 참, 참
2번 - 거짓, 거짓
3번 - 참, 거짓
4번 - 거짓, 참","문제 자체가 불완전해 보입니다. 질문을 제공해야 하는 것 같습니다. 나눌 수 있는 선택지의 수가 4개지만, 현재는 8개의 선택지만 존재합니다. 또한, 어떤 질문에 대한 참/거짓 문항인지 제공되지 않았습니다. 따라서 이 문제의 올바른 답변을 제공할 수 없습니다.",1
gpt-4,./data/data_hf.json,문장 1| 훈련 데이터 집합이 작을 때 과적합이 더 발생할 가능성이 높다. 문장 2| 가설 공간이 작을 때 과적합이 더 발생할 가능성이 높다.,"선택지:
1번 - 참, 참
2번 - 거짓, 거짓
3번 - 참, 거짓
4번 - 거짓, 참",선택지가 명시되지 않았습니다. 질문을 수정해주세요.,4
