Model Name,File Name,Question,Choices,Model Response,Correct Answer,Predicted Answer
o1-preview,./data/data_BDA.json,다음 중 선형회귀와 로지스틱 회귀에 대한 설명으로 가장 알맞지 않은 것은 무엇인가?,"선택지:
1번 - 선형회귀에서 잔차는 정규분포를 따른다.
2번 - 선형회귀는 독립변수를 사용해 종속변수의 움직임을 예측한다.
3번 - 로지스틱 회귀는 종속변수가 이진이며 분류에 사용한다.
4번 - 선형회귀에서 로짓 변환을 사용한다.","답: 선형회귀에서 로짓 변환을 사용한다.

선형회귀는 종속변수와 독립변수 간의 선형 관계를 모델링하며 로짓 변환을 사용하지 않습니다. 로짓 변환은 로지스틱 회귀에서 사용되며, 이는 종속변수가 이진인 경우에 적합합니다.",4,4
o1-preview,./data/data_BDA.json,종속변수가 범주형이고 독립변수가 수치형 변수 여러 개로 이루어진 변수 간의 관계를 분석하기 위해 적용할 수 있는 알고리즘으로 올바른 것은?,"선택지:
1번 - 로지스틱 회귀 분석
2번 - k-평균 군집
3번 - 주성분 분석
4번 - DBSCAN","종속변수가 범주형이고 독립변수가 수치형 변수 여러 개로 이루어진 경우, 종속변수와 독립변수 간의 관계를 분석하기 위해 로지스틱 회귀 분석을 사용하는 것이 적합합니다. 로지스틱 회귀 분석은 범주형 종속변수의 발생 확률을 예측하기 위한 통계 기법으로, 독립변수들이 종속변수에 어떻게 영향을 미치는지 모델링할 수 있습니다.

답: 로지스틱 회귀 분석",1,"학생의 답변을 보면 마지막에 ""답: 로지스틱 회귀 분석""이라고 적혀 있습니다. 주어진 선택지에서 ""로지스틱 회귀 분석""은 1번 선택지입니다. 따라서 학생이 선택한 번호는 **1**번입니다."
o1-preview,./data/data_BDA.json,다음 중 로지스틱 회귀분석에 대한 설명으로 가장 알맞지 않은 것은 무엇인가?,"선택지:
1번 - 독립변수가 범주형이다.
2번 - 종속변수는 0과 1이다.
3번 - 로짓 변환을 사용한다.
4번 - 시그모이드 함수를 사용한다.","답: 독립변수가 범주형이다.

로지스틱 회귀분석에서는 독립변수가 연속형이든 범주형이든 모두 사용할 수 있습니다. 따라서 독립변수가 반드시 범주형이라는 설명은 알맞지 않습니다.",1,1
o1-preview,./data/data_BDA.json,서포트 벡터 머신에 대한 설명으로 옳지 않은 것은?,"선택지:
1번 - 데이터 세트의 크기가 클 경우 최적화를 위한 평가 과정이 줄어들어 속도가 빠르다.
2번 - 다른 모형보다 과대적합에 강하다.
3번 - 비선형으로 분류되는 모형에 사용할 수 있다.
4번 - 서포트 벡터가 여러 개일 수 있다.","서포트 벡터 머신(SVM)은 훈련 시 데이터 샘플의 수에 따라 계산 복잡도가 크게 증가하며, 특히 큰 데이터 세트에서는 학습 시간이 오래 걸릴 수 있습니다. 따라서 데이터 세트의 크기가 클 경우 최적화 평가 과정이 줄어들어 속도가 빨라진다는 설명은 옳지 않습니다.

답: 데이터 세트의 크기가 클 경우 최적화를 위한 평가 과정이 줄어들어 속도가 빠르다.",1,1
o1-preview,./data/data_BDA.json,다음 중 k-평균 군집 알고리즘을 통해 k 값을 구하는 기법은 무엇인가?,"선택지:
1번 - k-Centroid 기법
2번 - 최장 연결법
3번 - 엘보우 기법
4번 - 역전파 알고리즘","답: 엘보우 기법

엘보우 기법은 k-평균 군집화에서 적절한 클러스터 수(k)를 결정하기 위해 사용하는 방법으로, 군집 수에 따른 총 내부 군집 응집도(SSE)의 변화를 그래프로 나타내어 그 그래프에서 꺾이는 지점(elbow)을 찾아 최적의 k 값을 선택합니다.",3,3
o1-preview,./data/data_BDA.json,다음 중 SVM 가우시안 커널(Gaussian Kernel)에 대한 설명으로 가장 옳지 않은 것은 무엇인가?,"선택지:
1번 - 비선형 데이터가 있는 경우에 일반적으로 활용된다.
2번 - 2차원의 점을 1차원의 점으로 변환한다.
3번 - 가장 많이 사용되는 커널이다.
4번 - 데이터에 대한 사전 지식이 없는 경우 적절하게 분리할 때 활용된다.","답: 2차원의 점을 1차원의 점으로 변환한다.

**설명:**

가우시안 커널(Gaussian Kernel), 흔히 RBF(Radial Basis Function) 커널로 알려진 이 커널은 SVM에서 가장 널리 사용되는 커널 중 하나입니다. 비선형 데이터를 분류하기 위해 입력 데이터를 무한 차원의 고차원 공간으로 매핑하여 선형적으로 분리될 수 있도록 합니다. 따라서 비선형 데이터가 있는 경우 일반적으로 활용되고, 데이터에 대한 사전 지식이 없을 때에도 적절하게 데이터를 분리하는 데 도움이 됩니다.

하지만 ""2차원의 점을 1차원의 점으로 변환한다.""는 설명은 옳지 않습니다. 가우시안 커널은 저차원에서 고차원으로 매핑하여 비선형성을 처리하며, 차원을 축소하는 것이 아니라 확장하는 역할을 합니다.",2,2
o1-preview,./data/data_BDA.json,소프트맥스 함수에 대한 설명으로 가장 올바르지 않은 것은?,"선택지:
1번 - 출력값은 0에서 1 사이의 실수이다.
2번 - 분산 1이 된다.
3번 - 출력값을 확률로 해석할 수 있다.
4번 - 출력값의 총합이 1이 된다.","답: 분산 1이 된다.

**설명:** 소프트맥스 함수의 출력값은 각 요소가 0과 1 사이의 실수이며, 총합이 1이 되기 때문에 확률로 해석할 수 있습니다. 그러나 출력값의 분산이 항상 1이 되는 것은 아닙니다. 분산은 입력 값에 따라 달라지므로 ""분산 1이 된다""는 올바르지 않은 설명입니다.",2,2
o1-preview,./data/data_BDA.json,다음 중 활성화 함수에 대한 설명으로 가장 알맞지 않은 것은 무엇인가?,"선택지:
1번 - 하이퍼볼릭 탄젠트는 -1에서 1의 값을 가진다.
2번 - 부호 함수는 임곗값을 기준으로 활성화 또는 비활성화가 된다.
3번 - ReLU 함수는 시그모이드의 기울기 소실 문제를 해결하였다.
4번 - 시그모이드 함수 입력값이 0일 때, 미분 값은 0.25이다.","답: 부호 함수는 임곗값을 기준으로 활성화 또는 비활성화가 된다.

**설명:** 부호 함수는 입력값이 양수이면 1, 음수이면 -1, 0이면 0을 반환하는 함수로, 특정 임계값을 기준으로 활성화 또는 비활성화되는 함수가 아닙니다. 임계값을 기준으로 활성화 상태를 결정하는 함수는 계단 함수(Heaviside step function)입니다.",2,2
o1-preview,./data/data_BDA.json,범주형 데이터를 분류할 수 없는 것은?,"선택지:
1번 - 인공신경망
2번 - 의사결정나무
3번 - 선형 회귀 분석
4번 - SVM","답: 선형 회귀 분석

**설명:**

선형 회귀 분석은 종속 변수와 독립 변수 간의 선형 관계를 모델링하여 연속적인 수치 예측에 사용됩니다. 즉, 결과값이 연속적인 수치형 데이터일 때 적합합니다. 반면에 범주형 데이터를 분류하는 작업은 결과값이 특정 범주나 클래스로 구분되는 분류 문제입니다.

**인공신경망**, **의사결정나무**, **SVM**은 모두 분류 알고리즘으로, 범주형 데이터를 효과적으로 분류할 수 있습니다. 특히 인공신경망과 SVM은 복잡한 패턴 인식에 강하며, 의사결정나무는 데이터의 분포에 따라 분기를 통해 분류를 수행합니다.

따라서 범주형 데이터를 분류할 수 없는 것은 **선형 회귀 분석**입니다.",3,3
o1-preview,./data/data_BDA.json,의사결정나무의 분석 과정으로 가장 알맞지 않은 것은?,"선택지:
1번 - 데이터의 분류 및 예측에 활용한다.
2번 - 부적절한 나뭇가지는 가지치기로 제거한다.
3번 - 분석의 목적과 자료 구조에 따라서 적절한 분리 기준으로 마지막 끝 마디까지 생성한다.
4번 - 이익, 위험, 비용 등을 고려하여 모형을 평가한다.","답: 이익, 위험, 비용 등을 고려하여 모형을 평가한다.

설명: 의사결정나무의 분석 과정에서는 보통 데이터의 분류 및 예측 능력을 평가하기 위해 정확도, 재현율 등 성능 지표를 사용합니다. 이익, 위험, 비용 등의 요소는 의사결정분석에서 주로 고려되는 요소로, 의사결정나무의 기본 분석 과정에서는 직접적으로 다루지 않습니다.",3,4
o1-preview,./data/data_BDA.json,인공신경망에 대한 설명으로 가장 알맞지 않은 것은?,"선택지:
1번 - 인공신경망에서 역전파는 입력층(Input Layer)에서 출력층(Output Layer)까지 정보가 전달되는 과정이다.
2번 - 인공신경망은 입력값을 받아서 출력값을 만들기 위해 촬성화 함수를 사용한다.
3번 - 인공신경망은 사람 두뇌의 신경세포인 뉴런이 전기신호를 전달하는 모습을 모방한 기계학습 모델이다.
4번 - 활성화 함수는 순 입력함수로부터 전달받은 값을 출력값으로 변환해 주는 함수이다.","답: 인공신경망에서 역전파는 입력층(Input Layer)에서 출력층(Output Layer)까지 정보가 전달되는 과정이다.

설명: 역전파는 출력층에서 입력층으로 오차를 전파하여 가중치를 수정하는 학습 알고리즘입니다. 입력층에서 출력층까지 정보를 전달하는 과정은 순전파라고 합니다.",1,1
o1-preview,./data/data_BDA.json,활성화 함수 중 단층 신경망에서 해결할 수 없는 것은?,"선택지:
1번 - AND
2번 - OR
3번 - NOR
4번 - XOR","답: XOR

XOR 함수는 선형적으로 분리가 불가능하므로 단층 신경망(퍼셉트론)으로는 구현할 수 없습니다. XOR를 구현하려면 다층 신경망이 필요합니다.",4,4
o1-preview,./data/data_BDA.json,로지스틱 회귀 모형에 대한 설명으로 옳은 것은?,"선택지:
1번 - 설명변수가 한 개인 경우 종형 그래프를 가진다.
2번 - 설명변수는 모두 연속형이어야 한다.
3번 - 연속형 반응변수에 대해서도 적용할 수 있다.
4번 - 분류의 목적으로 사용될 수 있다.","답: 분류의 목적으로 사용될 수 있다. 로지스틱 회귀 모형은 범주형 반응변수를 예측하기 위해 사용되며, 주로 이진 분류 등의 분류 문제를 해결하는 데 활용됩니다.",4,4
o1-preview,./data/data_BDA.json,딥러닝에 대한 설명으로 옳은 것은?,"선택지:
1번 - 오차역전파를 사용한다.
2번 - ReLU보다 Sigmoid를 사용한다.
3번 - 딥러닝은 각 은닉층의 가중치를 통해 모형의 결과를 해석하기 용이하다.
4번 - Dropout은 무작위 비율로 신경망을 제거한다.",답: 오차역전파를 사용한다. 딥러닝은 오차역전파 알고리즘을 통해 신경망의 가중치를 학습합니다.,1,1
o1-preview,./data/data_BDA.json,PCA에 대한 설명으로 옳지 않은 것은?,"선택지:
1번 - 차원 축소는 고윳값이 낮은 순으로 정렬해서, 높은 고윳값을 가진 고유벡터만으로 데이터를 복원한다.
2번 - 변동 폭이 작은 축을 선택한다.
3번 - 축들은 서로 직교되어 있다.
4번 - 주성분은 상관성이 높은 변수들을 요약, 축소하는 기법이다.","답: 변동 폭이 작은 축을 선택한다.

PCA는 데이터의 분산이 가장 큰 방향으로 주성분 축을 선정하여 차원을 축소합니다. 따라서 변동 폭이 작은 축이 아닌, 변동 폭이 큰 축을 선택합니다.",2,2
o1-preview,./data/data_BDA.json,"CNN에서 원본 이미지가 5X5에서 Stride가 1이고, 필터가 3X3일 때 Feature Map은 무엇인가?","선택지:
1번 - (1,1)
2번 - (2,2)
3번 - (3,3)
4번 - (4,4)","Answer: (3,3)

**Explanation:**

In a convolutional neural network (CNN), the size of the output feature map can be calculated using the formula:

\[ \text{Feature Map Size} = \left( \frac{\text{Input Size} + 2 \times \text{Padding} - \text{Filter Size}}{\text{Stride}} \right) + 1 \]

Given:
- **Input Size** = 5 (since the original image is 5x5)
- **Filter Size** = 3 (since the filter is 3x3)
- **Stride** = 1
- **Padding** = 0 (since no padding is mentioned)

Plugging the values into the formula:

\[ \text{Feature Map Size} = \left( \frac{5 + 2 \times 0 - 3}{1} \right) + 1 = (2) + 1 = 3 \]

So, the feature map will be 3x3.",3,3
o1-preview,./data/data_BDA.json,랜덤 포레스트에 대한 설명으로 적절하지 않은 것은?,"선택지:
1번 - 훈련을 통해 구성해놓은 다수의 나무들로부터 투표를 통해 분류 결과를 도출한다.
2번 - 분류기를 여러 개 쓸수록 성능이 좋아진다.
3번 - 트리의 수가 많아지면 Overfit 된다.
4번 - 여러 개의 의사결정 트리가 모여서 랜덤 포레스트 구조가 된다.","답: 트리의 수가 많아지면 Overfit 된다.

설명: 랜덤 포레스트에서는 트리의 수를 늘릴수록 모델의 안정성과 일반화 성능이 향상되며, 과적합이 줄어듭니다. 따라서 트리의 수가 많아지면 오히려 과적합이 감소합니다.",3,3
o1-preview,./data/data_BDA.json,"다음 중 훈련 데이터에서 다수의 부트스트랩(Bootstrap)자료를 생성하고, 각 자료를 모델링한 후 결합하여 최종 예측 모형을 만드는 앙상블 기법으로 가장 알맞은 것은?","선택지:
1번 - 배깅
2번 - 부스팅
3번 - 보팅
4번 - 의사결정나무","답: 배깅

배깅(Bagging)은 훈련 데이터에서 여러 부트스트랩 샘플을 생성한 후 각 샘플로 개별 모델을 학습시키고, 그 결과를 결합하여 최종 예측 모형을 만드는 앙상블 기법입니다. 이는 모형의 분산을 줄이고 과적합을 방지하는 데 효과적입니다.",1,1
o1-preview,./data/data_BDA.json,다음 중 은닉층이 순환적으로 연결된 것은 무엇인가?,"선택지:
1번 - CNN
2번 - ANN
3번 - RNN
4번 - DNN","답: RNN

설명: RNN(Recurrent Neural Network)은 은닉층의 출력이 다시 입력으로 사용되도록 순환적으로 연결된 신경망입니다. 이 구조는 순차적 데이터나 시계열 데이터를 처리할 때 이전의 정보를 활용할 수 있게 해줍니다.",3,3
o1-preview,./data/data_BDA.json,다음 중 심층신경망에 대한 설명으로 가장 알맞지 않은 것은 무엇인가?,"선택지:
1번 - 은닉층이 1개 존재한다.
2번 - 오차 역전파를 사용한다.
3번 - 시그모이드는 오차 역전파로 결과 해석이 어렵다.
4번 - 은닉층(Hidden Layer)를 심층(Deep)으로 구성한다.","답: 은닉층이 1개 존재한다.

설명: 심층신경망은 여러 개의 은닉층으로 구성된 신경망을 의미합니다. 은닉층이 1개만 존재하는 경우는 심층신경망이 아니라 얕은(shallow) 신경망으로 분류됩니다.",1,"학생의 대답은 '답: 은닉층이 1개 존재한다.'이고, 선택지 중 1번은 '은닉층이 1개 존재한다.'입니다. 따라서 학생은 1번을 선택한 것으로 판단됩니다.

**채점 결과(숫자):** 1"
o1-preview,./data/data_BDA.json,배깅에 대한 설명으로 알맞지 않은 것은?,"선택지:
1번 - 편향이 낮은 과소적합 모델에 효과적이다.
2번 - 편향이 높은 과대적합 모델에 효과적이다.
3번 - 훈련 데이터에서 다수의 부트스트랩 자료를 생성하고 각 부트스트랩 자료를 결합하여 최종 예측 모형을 만드는 알고리즘이다.
4번 - 가중치를 활용하여 약 분류기를 강 분류기로 만드는 방법이다.","답: 가중치를 활용하여 약 분류기를 강 분류기로 만드는 방법이다.

설명: 이 설명은 배깅이 아닌 부스팅에 해당합니다. 배깅은 훈련 데이터에서 여러 부트스트랩 샘플을 생성하여 각 모델을 독립적으로 학습하고 결과를 결합하는 방식으로, 가중치를 사용하지 않습니다. 반면 부스팅은 가중치를 활용하여 약한 학습기를 순차적으로 학습하며 강한 학습기로 만드는 알고리즘입니다.",4,4
o1-preview,./data/data_BDA.json,차원 축소 기법인 PCA(Principal Component Analysis)에 대한 설명으로 가장 올바르지 않은 것은?,"선택지:
1번 - 선형 결합한다.
2번 - 변동이 큰 축을 기준으로 한 차원씩 선택한다.
3번 - 이산형 변수에 사용할 수 있다.
4번 - 차원 축소를 통해 원본 데이터를 직관적으로 파악할 수 있다.","답: 이산형 변수에 사용할 수 있다.

PCA는 연속형 변수들의 공분산 구조를 활용하여 주성분을 추출하는 선형 기법이므로, 이산형 변수에는 직접 적용하기 어렵습니다.",4,3
o1-preview,./data/data_BDA.json,주성분 분석에 대한 설명으로 옳지 않은 것은?,"선택지:
1번 - 주성분 분석은 서로 상관성이 높은 변수들의 선형 결합으로 만들어 기존의 상관성이 높은 변수들을 요약, 축소하는 기법이다.
2번 - 분산이 가장 작은 것을 제1 주성분으로 한다.
3번 - 주성분 분석은 고윳값, 고유벡터를 통해 분석한다.
4번 - 주성분 분석의 목적 중 하나는 데이터를 이해하기 위한 차원 축소이다.","답: 분산이 가장 작은 것을 제1 주성분으로 한다.

설명: 주성분 분석에서 제1 주성분은 데이터의 분산을 최대화하는 방향으로 설정되며, 가장 큰 분산을 갖는 성분이 됩니다. 따라서 분산이 가장 **큰** 것을 제1 주성분으로 합니다.",2,2
o1-preview,./data/data_BDA.json,다음 중 앙상블에서 베이스 모형의 독립성을 최적화하기 위한 방법으로 가장 알맞지 않은 것은?,"선택지:
1번 - 입력변수를 다양하게 한다.
2번 - 테스트 데이터를 다르게 한다.
3번 - 서로 다른 알고리즘을 사용한다.
4번 - 초매개변수를 다양하게 한다.","답: 테스트 데이터를 다르게 한다.

**설명:** 앙상블에서 베이스 모형의 독립성을 높이려면 보통 입력 변수나 초매개변수를 다양하게 하거나, 서로 다른 알고리즘을 사용하여 모델 간 다형성을 증가시킵니다. 하지만 테스트 데이터를 다르게 하는 것은 모델의 학습 과정과 무관하며, 모델의 독립성을 최적화하는 방법으로 적합하지 않습니다.",2,2
o1-preview,./data/data_BDA.json,다음 중 순환 신경망(RNN)에서 발생하는 GV(기울기 소실) GE(기울기 폭발)에 대한 설명으로 가장 알맞은 것은?,"선택지:
1번 - 기울기 클리핑(Gradient Clipping)은 기울기 소실을 막기 위해 기울기 값을 자르는 방법이다.
2번 - 기울기 소실이란 오차역전파 과정에서 입력층으로 갈수록 가중치에 따른 결괏값의 기울기가 작아져 0에 수렴하는 문제이다.
3번 - RNN은 LSTM(Long Short Term Memory)의 장기의존성 문제를 보완하기 위한 알고리즘이다.
4번 - 순환 신경망은 입력 게이트, 망각 게이트, 출력 게이트로 구성된다.","답: 기울기 소실이란 오차역전파 과정에서 입력층으로 갈수록 가중치에 따른 결괏값의 기울기가 작아져 0에 수렴하는 문제이다.

기울기 소실은 순환 신경망에서 역전파 시 기울기가 점점 작아져 초기 층들의 가중치를 효과적으로 학습하지 못하는 문제를 말합니다.",2,2
o1-preview,./data/data_BDA.json,오토인코더에 대한 설명으로 가장 알맞지 않은 것은?,"선택지:
1번 - 비지도학습 신경망이다.
2번 - 인코더는 차원 축소의 역할을 한다.
3번 - 입력층 노드 개수는 출력층 노드 개수보다 커야한다.
4번 - 인코드 입력 노드 개수는 디코드 출력 노드 개수와 동일하다.","답: 입력층 노드 개수는 출력층 노드 개수보다 커야한다.

오토인코더는 입력 데이터를 재구성하는 비지도학습 신경망으로, 입력층과 출력층의 노드 개수가 동일합니다. 따라서 ""입력층 노드 개수는 출력층 노드 개수보다 커야한다""는 설명은 올바르지 않습니다.",3,3
o1-preview,./data/data_BDA.json,주성분 분석(PCA)에 대한 설명으로 옳지 않은 것은?,"선택지:
1번 - 대표적인 차원 축소 방법이다.
2번 - 고윳값 분해와 특이값 분해 등의 수학적 행렬 분해를 이용한다.
3번 - 고차원 데이터를 저차원 데이터로 직교 변환한다.
4번 - 원본 비음수 행렬은 비음수 행렬의 곱으로 표현한다.","답: 원본 비음수 행렬은 비음수 행렬의 곱으로 표현한다.

설명: 이 설명은 '비음수 행렬 분해(NMF)'에 대한 것이며, PCA와는 관련이 없습니다. PCA는 주성분을 통해 데이터를 직교 변환하여 차원을 축소하는 방법이며, 비음수 행렬의 곱으로 원본 행렬을 표현하지 않습니다.",4,4
o1-preview,./data/data_BDA.json,다음 중 RNN의 장기 의존성 문제를 해결하였으며 리셋 게이트와 업데이트 게이트로 구성된 모형은 무엇인가?,"선택지:
1번 - 단방향 RNN
2번 - 양방향 RNN
3번 - LSTM
4번 - GRU","답: GRU

GRU는 RNN의 장기 의존성 문제를 해결하기 위해 리셋 게이트와 업데이트 게이트를 사용하는 모형입니다.",4,4
o1-preview,./data/data_BDA.json,다음 중 자연어 처리(NLP) 기법으로 가장 적합하지 않은 것은?,"선택지:
1번 - ELMo
2번 - GPT
3번 - BERT
4번 - YOLO","답: YOLO

설명: YOLO는 컴퓨터 비전 분야에서 실시간 객체 검출에 사용되는 알고리즘으로, 자연어 처리(NLP) 기법이 아닙니다. 반면에 ELMo, GPT, BERT는 모두 NLP에서 사용되는 언어 모델입니다.",4,4
o1-preview,./data/data_BDA.json,딥러닝의 트랜스포머(Transformer)의 구성요소로 가장 알맞지 않은 것은?,"선택지:
1번 - 망각 게이트
2번 - 셀프 어텐션
3번 - 멀티헤드 셀프 어텐션
4번 - 포지셔널 인코딩","답: 망각 게이트

설명: 망각 게이트는 LSTM과 같은 순환 신경망(RNN)의 구성 요소로, 이전 정보 중 불필요한 부분을 선택적으로 잊기 위해 사용됩니다. 반면에 트랜스포머(Transformer)는 RNN을 사용하지 않고 셀프 어텐션(Self-Attention), 멀티헤드 어텐션(Multi-Head Attention), 포지셔널 인코딩(Positional Encoding) 등의 요소로 구성되어 있습니다. 따라서 망각 게이트는 트랜스포머의 구성 요소로 알맞지 않습니다.",1,1
o1-preview,./data/data_BDA.json,다음 중 부스팅에 대한 설명으로 가장 옳지 않은 것은?,"선택지:
1번 - 예측력이 약한 모형들을 결합하여 강한 예측 모형을 만드는 방법이다.
2번 - 잘못 분류된 개체들에 가중치를 적용, 새로운 분류 규칙을 만들고, 이 과정을 반복해 최종 모형을 만드는 알고리즘이다.
3번 - 학습 데이터를 병렬적으로 학습하며 잘못 분류된 데이터에 가중치를 부여한다.
4번 - 일반적으로 보팅(Voting)을 통하여 결과를 예측한다.","답: 학습 데이터를 병렬적으로 학습하며 잘못 분류된 데이터에 가중치를 부여한다.

**설명**: 부스팅(boosting)은 약한 학습기들을 순차적으로 학습하여 강한 예측 모형을 만드는 방법으로, 이전 모델이 잘못 분류한 데이터에 더 많은 가중치를 부여하여 다음 모델이 이를 개선하도록 합니다. 따라서 부스팅은 **순차적**으로 학습되지 **병렬적**으로 학습되지 않습니다.",3,3
o1-preview,./data/data_BDA.json,다음 중 랜덤 포레스트에 대한 설명으로 가장 옳지 않은 것은?,"선택지:
1번 - 배깅을 이용한 알고리즘의 하나이다.
2번 - 무작위성을 주어 약한 학습기들을 생성한 후 이를 선형 결합하여 최종 학습기를 만드는 방법이다.
3번 - 부트스트랩을 통해 조금씩 다른 훈련 데이터에 대해 훈련된 기초 분류기들을 결합시키는 방법을 사용한다.
4번 - 기본적으로 모든 데이터를 이용하여 학습한다.","답: 무작위성을 주어 약한 학습기들을 생성한 후 이를 선형 결합하여 최종 학습기를 만드는 방법이다.

설명: 랜덤 포레스트는 배깅과 부트스트랩 샘플링을 통해 여러 개의 결정 트리를 생성하고, 각 트리의 예측 결과를 투표나 평균을 통해 최종 결과를 도출합니다. 여기서 사용되는 기본 학습기들은 '약한 학습기'라기보다는 비교적 강력한 결정 트리이며, 이들을 선형 결합하는 것이 아니라 다수결 또는 평균을 통해 결합합니다. 따라서 이 설명은 랜덤 포레스트에 대한 정확한 설명이 아닙니다.",4,2
o1-preview,./data/data_BDA.json,다음 중 가중치를 부여하는 앙상블 기법으로 가장 적합한 것은?,"선택지:
1번 - 배깅
2번 - 부스팅
3번 - 보팅
4번 - 가지치기","답: 부스팅

부스팅은 모델 학습 시 데이터나 모델에 가중치를 부여하여 이전 단계에서 발생한 오류를 보완하는 앙상블 기법입니다.",2,2
o1-preview,./data/data_BDA.json,다음 중 경사 하강법과 관련된 알고리즘으로 옳지 않은 것은?,"선택지:
1번 - Adaboost
2번 - RMSProp
3번 - Adagrad
4번 - Nesterov Momentum","답: Adaboost

Adaboost는 여러 약한 학습자를 결합하여 성능을 향상시키는 부스팅 앙상블 기법으로, 경사 하강법과 직접적인 관련이 없습니다. 나머지 RMSProp, Adagrad, Nesterov Momentum은 모두 경사 하강법의 변형 또는 개선된 최적화 알고리즘입니다.",1,1
o1-preview,./data/data_BDA.json,다음 중 과대 적합 방지 기법이 아닌 것은?,"선택지:
1번 - 정규화(Regularization)
2번 - Dropout
3번 - 배치 정규화(Batch Normalization)
4번 - Max Pooling","답: Max Pooling

Max Pooling은 합성곱 신경망(CNN)에서 특징 맵의 공간 차원을 축소하여 중요한 특징을 추출하는 데 사용되는 기법입니다. 이는 모델의 계산 비용을 줄이고 위치 변화에 대한 불변성을 높이기 위한 것으로, 과대 적합을 방지하기 위한 기법은 아닙니다.",4,4
o1-preview,./data/data_BDA.json,다음 중 인공신경망에서 드롭아웃(Dropout)과 같은 효과를 나타내는 것은 무엇인가?,"선택지:
1번 - 학습률 조정
2번 - 활성화 함수 변경
3번 - 은닉층 수 감소
4번 - 부스팅","답: 은닉층 수 감소

설명: 드롭아웃은 신경망의 일부 뉴런을 무작위로 비활성화하여 모델의 복잡도를 줄이고 과적합을 방지하는 기술입니다. 이는 은닉층 수를 감소시켜 모델의 복잡도를 낮추는 것과 유사한 효과를 나타냅니다.",3,3
o1-preview,./data/data_BDA.json,다음 중 과대 적합에 대한 설명으로 올바르지 않은 것은?,"선택지:
1번 - 데이터 수를 늘리게 되면 과대 적합 상태가 된다.
2번 - 과대 적합은 학습 데이터와 검증 데이터 간 성능 차이가 크다.
3번 - 과대 적합, 과소 적합 모두 모델과의 일반화 능력을 저하시켜 균형을 찾는 것이 중요하다.
4번 - 학습 데이터에 적합하게 학습되어 학습 데이터에 대한 성능은 우수하지만, 검증 데이터에 대한 성능은 저하되는 현상이다.","답: 1. 데이터 수를 늘리게 되면 과대 적합 상태가 된다.

**설명:** 데이터 수를 늘리면 모델이 더 다양한 패턴을 학습할 수 있어 과대 적합을 방지하는 데 도움이 됩니다. 일반적으로 데이터가 많아질수록 모델의 일반화 능력이 향상되며, 과대 적합은 주로 데이터 수가 적을 때 발생합니다.",1,1
o1-preview,./data/data_BDA.json,원-핫 인코딩에 대한 설명으로 옳지 않은 것은?,"선택지:
1번 - 텍스트 단어에 대해서 벡터를 생성할 수 있다.
2번 - 서로 다른 단어에 대한 내적은 0이다.
3번 - 저장 공간이 효율적이다.
4번 - 원-핫 인코딩은 이산형 벡터이다.",답: 저장 공간이 효율적이다. 원-핫 인코딩은 고차원 희소 벡터로 표현되어 저장 공간이 비효율적입니다.,3,3
o1-preview,./data/data_BDA.json,K-Fold에 대한 설명으로 옳지 않은 것은?,"선택지:
1번 - 데이터를 K개로 나눈다.
2번 - 1개는 학습용 데이터, (K-1)개는 검증용 데이터로 사용한다.
3번 - K번 반복 수행한다.
4번 - 결과를 K에 다수결 또는 평균으로 분석한다.","답: 1개는 학습용 데이터, (K-1)개는 검증용 데이터로 사용한다.

간단한 설명: K-Fold 교차 검증에서는 데이터를 K개로 나누고, 그중 **1개를 검증용 데이터로**, 나머지 **(K-1)개를 학습용 데이터로** 사용하여 모델을 K번 학습합니다. 따라서 ""1개는 학습용 데이터, (K-1)개는 검증용 데이터로 사용한다""는 옳지 않은 설명입니다.",2,2
o1-preview,./data/data_BDA.json,"재현율(Recall)이 60%, 정밀도(Precision)가 40%일 때, F1-Score는 어떻게 되는가?","선택지:
1번 - 40%
2번 - 48%
3번 - 50%
4번 - 60%","F1-Score는 정밀도(Precision)와 재현율(Recall)의 조화평균으로 계산됩니다.

\[
\text{F1-Score} = 2 \times \frac{\text{Precision} \times \text{Recall}}{\text{Precision} + \text{Recall}}
\]

주어진 값으로 계산하면:

\[
\text{F1-Score} = 2 \times \frac{0.4 \times 0.6}{0.4 + 0.6} = 0.48 \ (48\%)
\]

**답: 48%**",2,"학생의 답변을 보면 F1-Score를 계산하여 48%라는 결과를 얻었고, **답: 48%**라고 적었습니다.

주어진 선택지는 다음과 같습니다:

1번 - 40%
2번 - 48%
3번 - 50%
4번 - 60%

그러므로 학생이 선택한 답변은 2번에 해당합니다.

**2**"
o1-preview,./data/data_exq.json,계층적 군집 방법이 아닌 것은?,"선택지:
1번 - 단일 연결법 (Single Linkage)
2번 - 완전 연결법 (Complete Linkage)
3번 - 평균 연결법 (Average Linkage)
4번 - K-평균 군집화 (K-means Clustering)","답: K-평균 군집화 (K-means Clustering)

K-평균 군집화는 사전에 지정한 군집의 개수 \( K \)를 기반으로 데이터를 분할하는 비계층적 군집화 방법입니다. 반면에 단일 연결법, 완전 연결법, 평균 연결법은 모두 데이터 사이의 거리를 기반으로 계층적으로 군집을 형성하는 계층적 군집 방법입니다.",4,4
o1-preview,./data/data_exq.json,K-means 군집분석의 설명에 대해 옳은 것은?,"선택지:
1번 - 초기 중심점 선택에 따라 결과가 달라질 수 있다.
2번 - 이상치에 민감하지 않다.
3번 - 범주형 변수에 대해 직접 적용이 가능하다.
4번 - 군집의 개수 K를 사전에 지정할 필요가 없다.","답: 초기 중심점 선택에 따라 결과가 달라질 수 있다.

K-평균 군집분석은 초기 중심점의 선택에 따라 알고리즘이 다른 군집 구조로 수렴할 수 있어 결과가 달라질 수 있습니다. 이는 알고리즘이 지역 최적해에 도달할 수 있기 때문입니다.",1,1
o1-preview,./data/data_exq.json,상관계수에 대한 설명으로 틀린 것은?,"선택지:
1번 - 피어슨 상관계수는 -1에서 1 사이의 값을 가진다.
2번 - 상관계수는 인과관계를 나타낸다.
3번 - 스피어만 상관계수는 순위 데이터에 사용된다.
4번 - 상관계수의 절대값이 클수록 강한 선형관계를 나타낸다.","답: 상관계수는 인과관계를 나타낸다.

설명: 상관계수는 두 변수 간의 선형적 관계의 강도를 나타내며, 인과관계를 의미하지 않습니다. 즉, 두 변수 사이에 상관관계가 있더라도 한 변수가 다른 변수에 직접적인 원인이 된다고 결론지을 수 없습니다.",2,2
o1-preview,./data/data_exq.json,신경망 노드 중 무작위로 노드를 선정하여 다수의 모형을 구성하고 학습한 뒤 각 모형의 결과를 결합해 분류 및 예측하는 기법을 무엇이라고 하는가?,"선택지:
1번 - Mini-Batch
2번 - Bagging
3번 - Drop-out
4번 - AdaBoost","답: Drop-out

Drop-out은 신경망 학습 시 각 층의 노드들을 무작위로 제거하여 다양한 모델을 생성하고 학습합니다. 학습 과정에서 노드를 임의로 삭제함으로써 모델 간의 상관성을 줄이고 과적합을 방지합니다. 최종 예측 시에는 모든 노드를 사용하여 각 학습된 모델의 결과를 결합해 분류 및 예측을 수행합니다.",4,3
o1-preview,./data/data_exq.json,인공신경망에서 동일 입력층에 대해 원하는 값이 출력되도록 각 계층의 가중치를 조정하는 방법은?,"선택지:
1번 - 역전파 알고리즘
2번 - 균등 분배 알고리즘
3번 - 유전 알고리즘
4번 - 은닉층 무시 알고리즘","답: 역전파 알고리즘

설명: 역전파 알고리즘은 인공신경망에서 출력과 원하는 값 사이의 오차를 계산하고, 그 오차를 기반으로 각 계층의 가중치를 조정하여 학습하는 방법입니다.",1,1
o1-preview,./data/data_exq.json,자연어처리 도구로 옳지 않은 것은?,"선택지:
1번 - BERT
2번 - GPT
3번 - Transformer
4번 - OpenCV","OpenCV는 컴퓨터 비전 라이브러리로 이미지 및 영상 처리에 사용되며, 자연어처리(NLP) 도구가 아닙니다.

답: OpenCV",4,4
o1-preview,./data/data_exq.json,약한 인공지능(weak AI) 및 강한 인공지능(strong AI)에 대한 설명으로 옳지 않은 것은?,"선택지:
1번 - 약한 인공지능은 특정 문제를 해결할 수 있는 수준의 인공지능을 말한다.
2번 - 강한 인공지능은 인간의 모든 지능적 요소를 가진 인공지능을 말한다.
3번 - 알파고는 강한 인공지능에 속한다.
4번 - 강한 인공지능은 앨런 튜링이 제시한 튜링 테스트를 통과할 수 있다.","답: 알파고는 강한 인공지능에 속한다.

설명: 알파고는 바둑 게임이라는 특정 문제를 해결하도록 설계된 약한 인공지능(narrow AI)입니다. 강한 인공지능(strong AI)은 인간의 모든 지능적 능력을 갖추고 자율적으로 사고하고 이해할 수 있는 인공지능을 의미하지만, 현재까지 그런 수준의 인공지능은 개발되지 않았습니다.",3,3
o1-preview,./data/data_exq.json,생성 모델에 대한 설명으로 옳지 않은 것은?,"선택지:
1번 - 생성 모델을 통해 특정 연령, 성별, 안경 유형과 같은 원하는 속성으로 유명인의 얼굴을 바꿀 수 있다.
2번 - 자기 부호화기(auto encoder)로 영상을 생성할 경우, 인코더와 디코더 설계 시 합성곱(convolution)층을 사용할 수 있다.
3번 - 생성적 적대 신경망(또는 적대적 생성 신경망, GAN, Generative Adversarial Networks)이 성공적으로 학습을 완료하면 분별망은 생성망이 만든 영상을 식별할 수 있다.
4번 - 변이형 자기 부호화기(variational auto encoder)는 학습 데이터의 분포를 따르는 새로운 영상을 생성할 수 있다.","생성적 적대 신경망(GAN)은 생성망(Generator)과 분별망(Discriminator)이 서로 경쟁하며 학습합니다. 생성망은 현실적인 영상을 생성하여 분별망을 속이려고 하고, 분별망은 생성망이 만든 가짜 영상과 진짜 영상을 구분하려고 합니다. 성공적인 학습의 결과는 생성망이 매우 현실적인 영상을 만들어 분별망이 진짜와 가짜를 구분할 수 없게 되는 것입니다. 따라서, 학습이 완료되면 분별망은 생성망이 만든 영상을 식별할 수 없게 됩니다.

**답:** 생성적 적대 신경망(또는 적대적 생성 신경망, GAN, Generative Adversarial Networks)이 성공적으로 학습을 완료하면 분별망은 생성망이 만든 영상을 식별할 수 있다.",3,3
o1-preview,./data/data_exq.json,"합성곱 신경망(CNN, Convolutional Neural Network)에 대한 설명으로 옳지 않은 것은?","선택지:
1번 - 이미지 분류 업무에 CNN을 활용할 수 있다.
2번 - CNN 내부에는 여러 개의 합성곱(convolution)층과 풀링(pooling)층을 배치할 수 있다.
3번 - CNN에서는 완전 연결(fully connected)층이 사용되지 않는다.
4번 - CNN에서는 학습 데이터에 과적합(overfitting)되는 문제를 해결하기 위해 드롭아웃(dropout) 기법이 사용될 수 있다.","답: CNN에서는 완전 연결(fully connected)층이 사용되지 않는다.

설명: CNN에서는 합성곱층과 풀링층을 통과한 후, 분류나 회귀와 같은 최종 예측을 위해 완전 연결층을 사용합니다. 따라서 CNN에서 완전 연결층이 사용되지 않는다는 것은 옳지 않은 설명입니다.",3,3
o1-preview,./data/data_exq.json,생성 모델에 활용되는 자기 부호화기(auto encoder)에 대한 설명으로 옳지 않은 것은?,"선택지:
1번 - 특징 추출에도 활용된다.
2번 - 지도 학습(supervised learning)에 해당한다.
3번 - 인코더는 차원을 점점 줄이나 디코더는 차원을 점점 늘리기 때문에 출력층에서 원래 차원을 회복한다. 
4번 - 변이형 자기 부호화기(variational auto encoder)는 잠재 변수의 발산을 방지하기 위한 규제화항을 오차에 포함하여 학습한다.","답: 지도 학습(supervised learning)에 해당한다.

자기 부호화기는 입력 데이터를 자체적으로 복원하도록 학습하며, 레이블이 필요하지 않기 때문에 비지도 학습에 해당합니다.",2,2
o1-preview,./data/data_exq.json,기계학습의 성능 향상을 위한 학습 데이터 전처리(preprocessing)기법과 검증 기법에 대한 설명으로 옳지 않은 것은?,"선택지:
1번 - 데이터 전처리의 한 예로 결손값(missing value) 처리가 있다.
2번 - 원－핫 인코딩(one-hot encoding)에서는 해당 속성값의 특징에 의해 고윳값에 해당하는 위치에만 1을 표시하고 나머지는 0으로 표시한다.
3번 - k-폴드 교차검증(k-fold cross validation)은 주어진 데이터를 k개의 데이터 폴드 집합으로 만든 뒤 다양한 폴드 집합 조합에 대해 학습과 검증 과정을 반복적으로 수행하는 기법이다.
4번 - SMOTE(Synthetic Minority Over-sampling Technique)는 특정 부류(class)에 속하는 학습 데이터가 지나치게 많은 경우, 데이터 일부를 추출하여 제거하는데 사용된다.","답: SMOTE(Synthetic Minority Over-sampling Technique)는 특정 부류(class)에 속하는 학습 데이터가 지나치게 많은 경우, 데이터 일부를 추출하여 제거하는데 사용된다.

설명: 이 문장은 옳지 않습니다. SMOTE는 데이터 불균형을 해결하기 위해 소수 클래스의 데이터를 합성하여 추가하는 기술로, 과다한 클래스의 데이터를 제거하는 것이 아니라 부족한 클래스의 데이터를 생성하여 균형을 맞춥니다.",4,4
o1-preview,./data/data_exq.json,"기본 순환 신경망(RNN, Recurrent Neural Network)과 이의 변형 기법에 대한 설명으로 옳지 않은 것은?","선택지:
1번 - RNN은 계층이 깊어질수록 그래디언트 소멸 문제(vanishing gradient problem)가 발생하기 쉽다.
2번 - LSTM(Long Short Term Memory)의 출력은 이전 시점의 입력값과 은닉층의 값뿐만 아니라 이후 시점의 입력값과 은닉층의 값에도 영향을 받는다.
3번 - RNN에서 순환 드롭아웃(recurrent dropout)은 과적합(overfitting)을 방지하기 위해 사용된다.
4번 - GRU(Gated Recurrent Unit)는 LSTM과 유사한 원리로 동작하지만, 게이트 수를 줄여 더 간결한 구조를 갖는다.","답: LSTM(Long Short Term Memory)의 출력은 이전 시점의 입력값과 은닉층의 값뿐만 아니라 이후 시점의 입력값과 은닉층의 값에도 영향을 받는다.

**설명:** 기본적으로 LSTM은 순차적인 데이터에서 이전 시점의 정보(입력값과 은닉층의 값)를 활용하여 현재 시점의 출력을 생성합니다. 따라서 LSTM의 출력은 과거의 정보에 의존하며, 미래의 입력값이나 은닉층의 값에는 영향을 받지 않습니다. 미래의 정보를 활용하려면 양방향 RNN(Bidirectional RNN)을 사용해야 합니다.",2,2
o1-preview,./data/data_exq.json,그래디언트 소멸 문제(vanishing gradient problem)에 대한 설명으로 옳지 않은 것은?,"선택지:
1번 - 특정 활성화 함수를 사용하는 계층이 신경망에 많이 추가되면 학습이 되지 않는 현상을 말한다.
2번 - 0이나 0에 가까운 수가 시그모이드(sigmoid) 함수에 들어오면 그래디언트가 0에 가까워 학습이 되지 않는다.
3번 - 그래디언트의 절댓값이 너무 작아지면 학습이 되지 않아 가중치(weight)와 편향(bias) 값들이 효과적으로 업데이트 되지 못한다.
4번 - 그래디언트 소멸 문제를 해결하기 위해 DNN(Deep Neural Network)에서는 활성화 함수로 ReLU 함수를 사용한다.","답: 2.

설명: 시그모이드 함수에서 입력 값이 0이나 0에 가까울 때 출력은 0.5 근처이며, 이때 그래디언트는 최대값인 0.25를 가져 학습이 잘 이루어집니다. 반대로 입력 값이 매우 크거나 작아서 시그모이드 함수의 출력이 0이나 1에 가까워질 때 그래디언트가 0에 가까워져 학습이 어려워집니다. 따라서 선택지 2번의 설명은 옳지 않습니다.",2,2
o1-preview,./data/data_exq.json,"다음 설명에 해당하는 자연어처리 기법은? , 주변에 있는 단어를 이용해 중간에 있는 특정 단어를 추론하는 방법으로, 큰 차원으로 표현된 특정 단어의 원－핫 인코딩(one-hot encoding) 벡터를 작은 차원의 실수 벡터로 바꾸어 줄 수 있다.","선택지:
1번 - CBOW(Continuous Bag of Words)
2번 - n-Gram
3번 - Skip-Gram
4번 - TF-IDF(Term Frequency-Inverse Document Frequency) vector","답: CBOW(Continuous Bag of Words). CBOW는 주변 단어들을 사용하여 중간에 있는 특정 단어를 예측하는 방법으로, 단어의 원-핫 인코딩 벡터를 저차원 실수 벡터로 변환하여 단어의 의미를 효율적으로 표현할 수 있습니다.",1,"학생이 선택한 답변은 ""CBOW(Continuous Bag of Words)""이며, 선택지에서 이를 찾으면 1번에 해당합니다. 따라서 학생이 선택한 번호는 **1**입니다."
o1-preview,./data/data_exq.json,인공지능 활용 분야 중 사용되는 대표 학습 모델이 다른 것은?,"선택지:
1번 - 유명한 화가가 그린 그림의 화풍을 분석하는 것
2번 - 현금 인출기에서 수표에 쓰인 필기체 숫자를 인식하는 것
3번 - 스마트폰에서 연관성이 있는 사진들을 모아 정리해 주는 것
4번 - 사람이 하는 말을 텍스트로 변환해 주는 서비스를 이용하는 것","답: 스마트폰에서 연관성이 있는 사진들을 모아 정리해 주는 것

**설명:** 주어진 선택지 중에서 스마트폰에서 연관성이 있는 사진들을 모아 정리해 주는 것은 **비지도 학습**을 대표적으로 사용합니다. 이는 데이터에 대한 명시적인 레이블 없이 데이터의 구조나 패턴을 발견하는 학습 방법입니다. 반면, 나머지 선택지들인 화풍 분석, 필기체 숫자 인식, 음성을 텍스트로 변환하는 서비스는 모두 **지도 학습**에 기반하여 입력 데이터와 그에 상응하는 레이블을 사용해 모델을 학습시킵니다.",4,3
o1-preview,./data/data_exq.json,생성형 인공지능에 대한 설명으로 옳지 않은 것은?,"선택지:
1번 - 프롬프트(prompt)에 대응하여 텍스트, 이미지 등을 생성한다. 
2번 - 주요 생성형 인공지능 모델로는 ChatGPT, Bard, LLaMa 등이 있다.
3번 - 학습 데이터의 패턴과 구조를 학습하여 유사한 특징이 있는 새로운 데이터를 생성한다.
4번 - 텍스트를 이미지로 변환하는 생성형 모델로는 Stable Diffusion, Neocognitron, DALL-E 등이 대표적이다.","Neocognitron은 1980년에 제안된 초기 신경망으로, 이미지 인식에 사용되었지만 텍스트를 이미지로 변환하는 생성형 모델은 아닙니다.

답: 텍스트를 이미지로 변환하는 생성형 모델로는 Stable Diffusion, Neocognitron, DALL-E 등이 대표적이다.",4,4
o1-preview,./data/data_exq.json,인공지능을 구현하기 위해 필요한 요소 기술에 대한 설명으로 옳지 않은 것은?,"선택지:
1번 - 추론은 현재 상태에서 목표 상태에 도달하기 위해 수행해야 할 일련의 행동 순서를 찾는 것을 의미한다.
2번 - 지식표현은 문제를 해결하거나 심층적인 추론을 하는 데 사용할 수 있도록 지식을 효과적으로 표현하는 방법이다.
3번 - 학습은 경험을 통해 나중에 동일한 문제나 유사한 문제를 더 잘 해결할 수 있도록 시스템의 구조나 파라미터를 바꾸는 것을 의미한다.
4번 - 탐색은 문제의 답이 될 수 있는 것들의 집합을 공간으로 간주하고문제에 대한 최적의 해를 찾기 위해 공간을 체계적으로 검색하는것을 의미한다.","답: 추론은 현재 상태에서 목표 상태에 도달하기 위해 수행해야 할 일련의 행동 순서를 찾는 것을 의미한다. 이 설명은 추론이 아니라 계획(Planning)에 대한 것이며, 추론은 지식을 바탕으로 새로운 정보를 도출하는 과정을 의미한다.",1,1
o1-preview,./data/data_exq.json,다음 중 비지도 학습으로 분류되는 것은?,"선택지:
1번 - 선형 회귀(LR, Linear Regression)
2번 - K-평균 알고리즘(K-means algorithm)
3번 - k-최근접 이웃(kNN, k-Nearest Neighbor)
4번 - 서포트 벡터 머신(SVM, Support Vector Machine)","답: K-평균 알고리즘(K-means algorithm)은 비지도 학습에 속하며, 레이블이 없는 데이터를 군집화하여 패턴이나 구조를 발견하는 데 사용됩니다.",2,2
o1-preview,./data/data_exq.json,서포트 벡터 머신에 대한 설명으로 옳지 않은 것은?,"선택지:
1번 - 주어진 데이터를 두 개의 영역으로 분류하는 이진 분류기이다.
2번 - Vapnik 등이 개발한 통계 학습 이론의 결과를 기반으로 하는 기계학습 방법이다.
3번 - 데이터 분류를 위한 경계면은 경계면과 서포트 벡터들 간의 거리가 최대가 되도록 결정한다.
4번 - 경계면 결정 시 일부 데이터가 마진(margin) 내에 들어오도록 허용하는 것을 하드(hard) 마진이라 한다.","답: 경계면 결정 시 일부 데이터가 마진(margin) 내에 들어오도록 허용하는 것을 하드(hard) 마진이라 한다.

설명: 일부 데이터가 마진 내에 들어오도록 허용하는 것은 소프트 마진(soft margin)이며, 하드 마진(hard margin)은 모든 데이터가 마진 밖에 위치하도록 합니다.",4,"학생이 선택한 답변은 ""답: 경계면 결정 시 일부 데이터가 마진(margin) 내에 들어오도록 허용하는 것을 하드(hard) 마진이라 한다.""입니다.

주어진 선택지를 보면:

1번 - 주어진 데이터를 두 개의 영역으로 분류하는 이진 분류기이다.
2번 - Vapnik 등이 개발한 통계 학습 이론의 결과를 기반으로 하는 기계학습 방법이다.
3번 - 데이터 분류를 위한 경계면은 경계면과 서포트 벡터들 간의 거리가 최대가 되도록 결정한다.
4번 - 경계면 결정 시 일부 데이터가 마진(margin) 내에 들어오도록 허용하는 것을 하드(hard) 마진이라 한다.

학생의 답변은 선택지 4번과 동일합니다.

따라서, 학생이 선택한 번호는 **4**번입니다.

**Answer: 4**"
o1-preview,./data/data_exq.json,기계학습에서 발생할 수 있는 과적합(overfitting)을 완화하기 위한 방법으로 옳지 않은 것은?,"선택지:
1번 - 드롭아웃(dropout)은 학습 과정에서 노드를 미리 정해진 비율만큼 랜덤으로 비활성화하여 과적합을 완화한다.
2번 - 배치 정규화(batch normalization)는 은닉층의 가중치를 정규화하고 노드값의 표준편차를 증대시켜 과적합을 완화한다.
3번 - 데이터 증강(data augmentation)은 기존 학습 데이터에 약간의 변형을 가한 새로운 학습 데이터를 추가하여 과적합을 완화한다.
4번 - 규제화(regularization)는 오차 함수를 오차 항과 모델 복잡도 항의 합으로 정의하여 가중치의 절댓값을 제한함으로써 과적합을 완화한다.","답: 배치 정규화(batch normalization)는 은닉층의 가중치를 정규화하고 노드값의 표준편차를 증대시켜 과적합을 완화한다.

**설명:** 배치 정규화는 레이어의 입력을 평균 0, 분산 1로 정규화하여 학습의 안정성과 속도를 향상시키는 기법입니다. 하지만 이는 가중치가 아닌 활성화 값(노드의 출력)을 정규화하며, 노드값의 표준편차를 증대시키는 것이 아니라 정규화합니다. 따라서 이 선택지는 과적합 완화를 위한 방법으로 옳지 않은 설명입니다.",2,2
o1-preview,./data/data_exq.json,"생성적 적대 신경망(GAN, Generative Adversarial Network)에 대한 설명으로 옳지 않은 것은?","선택지:
1번 - 판별자 출력층의 노드는 하나이다.
2번 - 생성자와 판별자의 두 신경망을 사용한다.
3번 - 생성자의 학습 과정에서는 판별자를 사용하지 않는다.
4번 - 생성자의 목적은 판별자를 속일 수 있을 정도로 품질이 높은 위조 데이터를 생성하는 것이다.","답: 생성자의 학습 과정에서는 판별자를 사용하지 않는다.

설명: 생성자는 판별자의 판별 결과를 활용하여 자신을 개선하므로, 생성자의 학습 과정에서 판별자를 사용합니다.",3,3
o1-preview,./data/data_exq.json,컴퓨터 비전 관련 딥러닝 모델에 대한 설명으로 옳지 않은 것은?,"선택지:
1번 - YOLO는 정확도보다 처리 속도에 강점을 갖는 객체 탐지 및 분류 모델이다
2번 - R-CNN 모델에서는 객체 탐지와 분류를 동시에 수행하므로 효율성이 높다.
3번 - Fast R-CNN 모델에서는 입력 영상에서 객체를 탐지하기 위해 선택적 탐색 알고리즘을 사용한다
4번 - SSD(Single Shot Detector)는 YOLO에 비해 객체 탐지 및 분류의 정확도와 처리 속도가 개선된 모델이다.","답: R-CNN 모델에서는 객체 탐지와 분류를 동시에 수행하므로 효율성이 높다.

설명: R-CNN 모델은 선택적 탐색 알고리즘을 통해 제안된 영역마다 CNN을 개별적으로 적용하여 특징을 추출하고 분류를 수행합니다. 이로 인해 객체 탐지와 분류가 순차적으로 이루어지며 연산량이 많아 처리 속도가 느리고 효율성이 낮습니다.",2,2
o1-preview,./data/data_exq.json,강화 학습(reinforcement learning) 모델과 관련성이 가장 적은 것은?,"선택지:
1번 - Gym
2번 - AlphaGo
3번 - AlphaStar
4번 - Deep Dream","강화 학습은 에이전트가 환경과 상호 작용하면서 보상을 최대화하는 행동 전략을 학습하는 기계 학습의 한 분야입니다.

- **Gym**: OpenAI의 Gym은 강화 학습 알고리즘을 개발하고 비교하기 위한 툴킷으로, 다양한 환경을 제공합니다. 이는 강화 학습과 직접적으로 관련이 있습니다.
- **AlphaGo**: 딥마인드의 AlphaGo는 바둑 게임에서 인간 최고 수준의 기사를 이긴 프로그램으로, 강화 학습을 사용하여 자체 플레이를 통해 성능을 향상시켰습니다.
- **AlphaStar**: 딥마인드의 AlphaStar는 스타크래프트 II 게임에서 프로 수준의 플레이를 보여준 AI로, 마찬가지로 강화 학습을 통해 복잡한 전략을 학습했습니다.
- **Deep Dream**: 구글의 Deep Dream은 이미지에서 패턴을 찾고 강조하여 초현실적인 이미지를 생성하는 도구로, 주로 합성 신경망을 사용한 이미지 처리 기술에 해당하며 강화 학습과는 직접적인 관련이 적습니다.

**따라서, 강화 학습 모델과 가장 관련성이 적은 것은 Deep Dream입니다.**

답: Deep Dream",4,4
o1-preview,./data/data_exq.json,전이 학습(transfer learning)에 대한 설명으로 옳은 것은?,"선택지:
1번 - 입력 데이터와 출력 데이터가 동일하도록 학습하는 과정을 갖는다.
2번 - 강화 학습의 한 종류로 환경에서 상태의 전이와 보상값의 생성 메커니즘을 설명하는 일종의 함수이다.
3번 - 서열(sequence) 데이터에서 이전 값들을 고려하기 위해 은닉층 또는 출력층의 값을 활용한다.
4번 - 어떤 한 분야에서 특정 과업을 수행하도록 학습한 후 유사한 분야 또는 다른 분야의 과업을 수행할 때 이전 학습 경험을 적용한다.","답: 어떤 한 분야에서 특정 과업을 수행하도록 학습한 후 유사한 분야 또는 다른 분야의 과업을 수행할 때 이전 학습 경험을 적용한다.

설명: 전이 학습은 이미 학습된 모델의 지식을 새로운 과제에 적용하여 학습 시간을 단축하고 성능을 향상시키는 기법입니다.",4,4
o1-preview,./data/data_exq.json,". 영상의 특성을 효과적으로 추출하거나 영상 분석 및 인식에 활용 가능한 딥러닝 모델만을 모두 고르면? ㄱ.ResNet , ㄴ.Inception, ㄷ.VGG","선택지:
1번 - ㄱ
2번 - ㄱ, ㄷ
3번 - ㄴ, ㄷ
4번 - ㄱ, ㄴ, ㄷ","ResNet, Inception, VGG 모두 이미지의 특성을 효과적으로 추출하고 영상 분석 및 인식에 활용되는 딥러닝 모델입니다.

답: ㄱ, ㄴ, ㄷ",4,"학생의 답변을 살펴보면, 답에 'ㄱ, ㄴ, ㄷ'이라고 적혀 있습니다. 선택지 중에서 'ㄱ, ㄴ, ㄷ'에 해당하는 번호를 찾아야 합니다.

일반적으로 한국의 객관식 시험에서 'ㄱ, ㄴ, ㄷ'에 해당하는 선택지는 4번입니다.

따라서 학생이 선택한 번호는 **4**번입니다."
o1-preview,./data/data_exq.json,결정 트리(decision tree)에 대한 설명으로 옳지 않은 것은?,"선택지:
1번 - 엔트로피(entropy) 값이 작은 집단일수록 동질적이다.
2번 - 일반적으로 정보 이득(information gain)이 큰 분할 속성일수록 우수하다.
3번 - 정보 이득비(information gain ratio)는 속성의 엔트로피를 정보 이득으로 나눈 값이다. 
4번 - 데이터를 가능한 한 동질적 집단이 되도록 분류하는 분할 속성(splitting attribute)을 선택하는 것이 효율적이다.","답: 정보 이득비(information gain ratio)는 속성의 엔트로피를 정보 이득으로 나눈 값이다.

설명: 정보 이득비는 실제로 ""정보 이득(information gain)을 속성의 엔트로피 또는 분할 정보(intrinsic information)로 나눈 값""입니다. 즉, 정보 이득비 = 정보 이득 / 분할 정보입니다. 따라서 주어진 문장은 정보 이득비의 정의를 잘못 설명하고 있어 옳지 않습니다.",3,3
o1-preview,./data/data_exq.json,퍼지 이론(fuzzy theory)에 대한 설명으로 옳지 않은 것은?,"선택지:
1번 - 소속 정도(degree of membership(u))는 0 < u <= 1로 정의된다.
2번 - 퍼지 규칙은 IF-THEN 형태의 문장으로 표현된다.
3번 - 소속 함수를 통해 정성적인 대상을 표현할 수 있다.
4번 - 비퍼지화(defuzzification)를 통해 퍼지 추론 결과를 하나의 실수 값으로 변환할 수 있다.","답: 소속 정도(degree of membership(u))는 0 < u ≤ 1로 정의된다.

퍼지 이론에서 소속 정도 \( u \) 는 **\( 0 \leq u \leq 1 \)** 로 정의됩니다. 즉, 소속 정도는 0부터 1까지의 모든 값을 포함하며, 0도 소속 정도의 유효한 값입니다. 따라서 \( 0 < u \leq 1 \) 로 정의된다는 설명은 옳지 않습니다.",1,1
o1-preview,./data/data_exq.json,"합성곱 신경망과 순환 신경망(RNN, Recurrent Neural Network)에 대한 설명으로 옳지 않은 것은?","선택지:
1번 - 순환 신경망은 기울기 소멸(vanishing gradient) 문제가 심각하게 발생하지 않는 장점이 있다.
2번 - 순환 신경망에서는 일반적으로 하이퍼볼릭 탄젠트(hyperbolic tangent) 함수(tanh())를 활성화 함수로 사용한다.
3번 - 합성곱 신경망은 특징 추출을 담당하는 합성곱층과 분류를 담당하는 전결합층을 포함하는 다층 퍼셉트론 모델의 한 종류이다.
4번 - 합성곱 신경망은 필터로 특징을 추출하고 풀링을 이용하여 입력의 변화에 강건한(robust) 방식으로 사물을 분류한다.","답: 순환 신경망은 기울기 소멸(vanishing gradient) 문제가 심각하게 발생하지 않는 장점이 있다.

설명: 순환 신경망(RNN)은 시간에 따른 데이터 의존성을 처리하기 위해 이전 출력이 다시 입력으로 사용되는 구조를 가지고 있습니다. 이러한 순환 구조로 인해 역전파 과정에서 기울기 소멸 문제가 발생하기 쉬우며, 이는 장기적인 의존성을 학습하기 어렵게 만듭니다. 기울기 소멸 문제는 RNN의 주요 문제점 중 하나이며, 이를 해결하기 위해 LSTM(Long Short-Term Memory)이나 GRU(Gated Recurrent Unit)와 같은 구조가 개발되었습니다.",1,1
o1-preview,./data/data_exq.json,다음 중 컴퓨터 시각 시스템의 처리 단계를 올바르게 정의한 것은?,"선택지:
1번 - 전처리: 영상 내의 처리 대상을 적절한 데이터로 표현한다.
2번 - 특징화: 취득한 영상을 처리하기 좋은 형태로 가공한다.
3번 - 영상분할: 영상을 몇 개의 의미 있는 영역으로 나눈다.
4번 - 영상 포획: 잡음을 제거하여 깨끗한 영상을 얻는다.","영상분할은 영상을 의미 있는 영역으로 나누는 과정으로, 주어진 정의와 일치합니다.

답: 영상분할: 영상을 몇 개의 의미 있는 영역으로 나눈다.",3,3
o1-preview,./data/data_exq.json,다음 중 군집을 구성하는 표본들의 통계적 분포를 고려한 거리 측정자는?,"선택지:
1번 - 유클리드 거리
2번 - 해밍 거리
3번 - 도시블록 거리
4번 - 마할라노비스 거리","답: 마할라노비스 거리

마할라노비스 거리는 데이터의 공분산을 고려하여 표본들 사이의 거리를 측정합니다. 이는 군집을 구성하는 표본들의 통계적 분포를 반영하므로 변수들 사이의 상관관계를 포함하여 거리 계산에 활용됩니다.",4,4
o1-preview,./data/data_exq.json,다음 중 자율학습에 대한 설명으로 올바른 것은?,"선택지:
1번 - 입력 값만 학습 데이터로 제공되며, 입력에 대한 출력 값은 제공되지 않는다.
2번 - 입력에 대한 시스템의 출력을 기대하는 출력과 같아지도록 시스템을 변화시킨다.
3번 - 입력의 행동에 따른 보상이 최대화되도록 학습을 진행한다.
4번 - 학습 데이터는 (입력, 출력) 쌍의 형태이다.","답: 입력 값만 학습 데이터로 제공되며, 입력에 대한 출력 값은 제공되지 않는다.

설명: 자율학습(비지도 학습)은 출력에 대한 레이블 없이 입력 데이터만으로 모델을 학습시켜 데이터의 구조나 패턴을 발견합니다.",1,1
o1-preview,./data/data_exq.json,다음 중 독립변수와 종속변수 사이의 상관관계를 선형함수로 모델링하는 것을 일컫는 것은?,"선택지:
1번 - 선형회귀
2번 - 군집화
3번 - 결정트리 학습
4번 - 주성분 분석","답: 선형회귀

선형회귀는 독립변수와 종속변수 사이의 상관관계를 선형함수로 모델링하는 방법입니다.",1,1
o1-preview,./data/data_exq.json,다음 중 로지스틱 회귀를 이용하여 학습할 수 있는 것은?,"선택지:
1번 - 독립변수와 종속변수 사이의 관계를 2차 함수로 나타낸다.
2번 - 독립변수에 따라 군집화를 한다.
3번 - 일련의 행동에 따른 보상이 최대로 되도록 학습을 한다.
4번 - 독립변수의 값에 따라 종속변수가 0 또는 1이라는 값을 낼 수 있는 가설을 학습한다.","로지스틱 회귀는 독립변수에 기반하여 종속변수가 0 또는 1의 값을 가지는 이진 분류 문제를 학습하는 데 사용됩니다.

**답:** 독립변수의 값에 따라 종속변수가 0 또는 1이라는 값을 낼 수 있는 가설을 학습한다.",4,4
o1-preview,./data/data_exq.json,다음 중 k-평균 군집화에 대한 설명으로 올바른 것은?,"선택지:
1번 - 자율학습 방식으로 학습한다.
2번 - 강화학습 방식으로 학습한다.
3번 - 하나의 학습 표본은 k개의 데이터로 구성된다.
4번 - 각각의 학습 표본은 (입력 벡터, 출력)의 쌍으로 구성된다.","답: 자율학습 방식으로 학습한다.

k-평균 군집화는 데이터에 대한 레이블 또는 정답이 제공되지 않는 상태에서 데이터의 패턴을 찾아 그룹화하는 비지도 학습(자율학습) 알고리즘입니다.",1,1
o1-preview,./data/data_exq.json,다음 중 단층 퍼셉트론에 대한 설명으로 올바른 것은?,"선택지:
1번 - 강화학습 방식으로 학습한다.
2번 - XOR 문제를 풀기할 수 있도록 학습할 수 있다.
3번 - 선형 결정경계를 형성할 수 있도록 학습할 수 있다.
4번 - 군집화에 사용되는 신경회로망 모델이다.","답: 선형 결정경계를 형성할 수 있도록 학습할 수 있다.

단층 퍼셉트론은 선형적으로 구분 가능한 데이터에 대해 학습하여 선형 결정 경계를 형성합니다. 이는 입력과 출력 사이의 선형 관계를 모델링하는데 적합합니다.",3,"학생의 답변에서 선택한 번호를 식별하기 위해 다음과 같이 접근하겠습니다:

1. **선택지 파싱**:
   - 주어진 선택지를 개별 항목으로 분리합니다.
   - 각 항목에서 번호와 선택지 내용을 추출합니다.

2. **학생 답변 분석**:
   - 학생의 답변에서 '답:' 이후의 내용을 추출합니다.
   - 추출한 답변을 줄바꿈 또는 문장 단위로 분리하여 주요 답변을 얻습니다.

3. **매칭 및 번호 반환**:
   - 학생의 주요 답변이 선택지 내용과 정확히 일치하는지 확인합니다.
     - 일치하면 해당 번호를 반환합니다.
   - 만약 일치하지 않으면, 답변에서 숫자를 추출하여 선택지 번호와 비교합니다.
     - 유효한 번호라면 해당 번호를 반환합니다.
   - 위의 방법으로도 번호를 식별할 수 없다면 0을 반환합니다.

학생의 답변을 분석한 결과:
- 주요 답변은 **'선형 결정경계를 형성할 수 있도록 학습할 수 있다.'** 입니다.
- 이 내용은 선택지 3번과 정확히 일치합니다.

따라서, 학생이 선택한 번호는 **3번**입니다.

**정답**: 3"
o1-preview,./data/data_exq.json,트리 탐색의 결과로 전역 최적값이 보장되는 기법은?,"선택지:
1번 - 너비 우선 탐색(breadth-first search)
2번 - 허용성(admissibility)을 갖지 않는 A* 알고리즘
3번 - 언덕 오르기 방법(hill climbing method)
4번 - 탐색 깊이 제한이 있는 깊이 우선 탐색(depth-first search)",답: 너비 우선 탐색(breadth-first search). 너비 우선 탐색은 모든 경로를 깊이 순서대로 탐색하여 최단 경로를 보장하므로 전역 최적값을 찾습니다.,1,1
o1-preview,./data/data_exq.json,오차 역전파 모델에서 경사하강법에 따라 연결 가중치 W를 학습할 때 사용할 수 있는 관성항의 용도는 무엇인가?,"선택지:
1번 - 단층 퍼셉트론으로 비선형 경계를 학습할 수 있게 한다
2번 - 자율학습 방식으로 학습하기 위해 사용한다.
3번 - 활성함수를 제거할 수 있게 한다.
4번 - 지역최소치 문제나 고원 문제를 개선한다.","오차 역전파 모델에서 관성항은 이전 단계의 가중치 변화량을 일정 비율로 현재 단계에 반영하여, 학습이 지역 최소치에 빠지는 것을 방지하고 고원 문제를 개선하는 데 사용됩니다.

답: 지역최소치 문제나 고원 문제를 개선한다.",4,4
o1-preview,./data/data_exq.json,다음 중 심층 신경망에서 출력층의 오차에 따른 연결가중치의 변화량이 입력층 방향으로 내려갈수록 크게 감소하여 학습이 진행되지 않는 문제를 일컫는 것은?,"선택지:
1번 - 지역 최소치 문제
2번 - 경사 소멸 문제
3번 - 과적합 문제
4번 - 능선 문제","답: 경사 소멸 문제

심층 신경망에서 역전파를 통해 오차를 전달할 때, 기울기 값이 입력층 방향으로 갈수록 지수적으로 감소하여 가중치 업데이트가 거의 이루어지지 않는 현상을 경사 소멸 문제라고 합니다.",2,2
o1-preview,./data/data_exq.json,CNN 모델에서 필터를 적용함으로써 특징을 검출하는 역할을 하는 층은?,"선택지:
1번 - ReLU 층
2번 - 통합(pooling)층
3번 - 완전연결층
4번 - 합성곱(convolution)층","답: 합성곱(convolution)층

설명: 합성곱 신경망(CNN)에서 **합성곱층**은 필터(또는 커널)를 입력 데이터에 적용하여 특징을 추출하는 역할을 합니다. 이 층에서는 필터를 통해 입력 데이터와의 합성곱 연산을 수행하여 이미지나 신호에서 에지, 모서리 등 다양한 국부적인 특징을 검출합니다.",4,4
o1-preview,./data/data_exq.json,"제한 볼츠만 머신과 같은 자율학습 신경망을 여러 층 쌓은 모델로, 학습표본 집합의 확률 분포를 학습할 수 있는 확률적 심층 신경망 모델에 해당되는 것은?","선택지:
1번 - 심층 신뢰망(deep belief nets)
2번 - LVQ(Learning Vector Quantization)
3번 - ReLU(Rectified Linear Unit)
4번 - 볼츠만 머신(Boltzmann machine)","심층 신뢰망(deep belief nets)은 여러 층의 제한 볼츠만 머신(RBM)을 쌓아 만든 확률적 심층 신경망 모델로, 학습 데이터의 확률 분포를 효과적으로 학습할 수 있습니다. 이는 각 층이 데이터의 특징을 추출하고, 이를 기반으로 상위 층에서 더 복잡한 패턴을 학습하는 방식으로 동작합니다.

**답:** 심층 신뢰망(deep belief nets)",1,1
o1-preview,./data/data_hf.json,우리가 비용 함수의 기울기를 계산하고 그 결과를 벡터 g에 저장했다고 가정합시다. 기울기를 주어진 상태에서 하나의 경사 하강법 업데이트에 드는 비용은 무엇인가요?,"선택지:
1번 - O(4)
2번 - O(N)
3번 - O(N4)
4번 - O(N4^2)","주어진 기울기 벡터 \( g \)가 이미 계산되어 있으므로, 하나의 경사 하강법 업데이트는 다음과 같이 이루어집니다:
\[
\theta := \theta - \alpha g
\]
여기서 \( \theta \)는 파라미터 벡터이며, \( \alpha \)는 학습률입니다. 이 업데이트를 수행하기 위해서는 \( \theta \)의 각 요소마다 연산이 필요합니다. 따라서, 연산 비용은 \( \theta \)의 차원 \( N \)에 비례하며, 계산 복잡도는 \( O(N) \)입니다.

**답: O(N)**",1,2
o1-preview,./data/data_hf.json,"문장 1| 연속 확률 변수 x와 그 확률 분포 함수 p(x)에 대해, 모든 x에 대해 0≤p(x)≤1 이 성립한다. 문장 2| 결정 트리는 정보 이득을 최소화하여 학습된다.","선택지:
1번 - 참, 참
2번 - 거짓, 거짓
3번 - 참, 거짓
4번 - 거짓, 참","문장 1은 거짓입니다. 연속 확률 변수의 확률 밀도 함수 \( p(x) \)는 특정 구간에서 1보다 큰 값을 가질 수 있습니다. 중요한 것은 \( p(x) \)의 적분값이 1이라는 점입니다.

문장 2도 거짓입니다. 결정 트리는 정보 이득을 **최대화**하여 최적의 분할을 찾습니다.

답: 거짓, 거짓",2,"2,2"
o1-preview,./data/data_hf.json,"문장 1| 연속 확률 변수 x와 그 확률 분포 함수 p(x)에 대해, 모든 x에 대해 0≤p(x)≤1 이 성립한다. 문장 2| 결정 트리는 정보 이득을 최소화하여 학습된다.","선택지:
1번 - 참, 참
2번 - 거짓, 거짓
3번 - 참, 거짓
4번 - 거짓, 참","문장 1: 연속 확률 변수의 확률 밀도 함수 \( p(x) \)는 음수가 아니지만, 그 값이 1을 넘을 수 있습니다. 중요한 것은 전체 영역에서의 적분이 1이어야 한다는 것입니다. 따라서 모든 \( x \)에 대해 \( 0 \leq p(x) \leq 1 \)이 성립한다는 것은 거짓입니다.

문장 2: 결정 트리는 정보 이득을 **최대화**하여 최적의 분할을 찾습니다. 정보 이득을 최소화하는 것이 아니라 최대화하는 것이 목표이므로 이 문장도 거짓입니다.

**답:** 거짓, 거짓",2,"학생의 답변에서 두 문장 모두 ""거짓""이라고 답변하였습니다. 각 문장에 대한 선택지는 일반적으로 다음과 같이 번호가 부여됩니다:

1번 - 참
2번 - 거짓

따라서, 학생이 선택한 답변은 첫 번째 문장에서 2번(거짓), 두 번째 문장에서 2번(거짓)입니다.

**채점 결과(숫자):** 2,2"
o1-preview,./data/data_hf.json,아래 주어진 베이지안 네트워크를 고려하십시오. 이 베이지안 네트워크에 필요한 독립적인 파라미터의 수는 얼마인가요? H -> U <- P <- W,"선택지:
1번 - 2
2번 - 4
3번 - 8
4번 - 16","이 베이지안 네트워크에서 각 변수와 그 부모에 따른 필요한 독립 파라미터 수를 계산해보겠습니다.

1. **H**: 부모 노드가 없으므로 P(H)를 결정해야 합니다. 이진 변수이므로, P(H=1)만 알면 됩니다. ⇒ **1개의 파라미터**

2. **W**: 마찬가지로 부모 노드가 없으므로 P(W)를 결정해야 합니다. 이진 변수이므로, P(W=1)만 알면 됩니다. ⇒ **1개의 파라미터**

3. **P | W**: W에 조건부인 P의 확률을 결정해야 합니다. W는 이진 변수이므로 W=0, W=1 두 경우에 대해 P(P=1 | W=w)를 계산해야 합니다. ⇒ **2개의 파라미터**

4. **U | H, P**: H와 P에 조건부인 U의 확률을 결정해야 합니다. H와 P는 각각 이진 변수이므로 가능한 조합은 (H,P) = (0,0), (0,1), (1,0), (1,1) 네 가지입니다. 각 경우에 대해 P(U=1 | H=h, P=p)를 계산해야 합니다. ⇒ **4개의 파라미터**

따라서 총 필요한 독립 파라미터의 수는 1(H) + 1(W) + 2(P | W) + 4(U | H, P) = **8개**입니다.

**답: 8**",3,3
o1-preview,./data/data_hf.json,"훈련 예제의 수가 무한대로 증가하면, 해당 데이터로 훈련된 모델은 다음과 같을 것입니다:","선택지:
1번 - 더 낮은 분산
2번 - 더 높은 분산
3번 - 같은 분산
4번 - 위의 어느 것도 아님","답: 더 낮은 분산

훈련 예제의 수가 무한대로 증가하면 모델은 전체 데이터의 분포를 더 정확하게 학습하게 되어, 데이터의 작은 변화에 덜 민감해집니다. 이는 모델의 분산이 낮아진다는 것을 의미합니다.",1,1
o1-preview,./data/data_hf.json,문장 1| 2D 평면에서 모든 직사각형 집합(축에 정렬되지 않은 직사각형도 포함)은 5개의 점 집합을 깨뜨릴 수 있다. 문장 2| k = 1일 때 k-최근접 이웃 분류기의 VC 차원은 무한하다.,"선택지:
1번 - 참, 참
2번 - 거짓, 거짓
3번 - 참, 거짓
4번 - 거짓, 참","답: 거짓, 참

설명:

문장 1은 거짓입니다. 2D 평면에서 모든 직사각형 집합의 VC 차원은 4이며, 이는 최대 4개의 점 집합까지는 깨뜨릴 수 있지만 모든 5개의 점 집합을 깨뜨릴 수는 없습니다.

문장 2는 참입니다. k = 1인 1-최근접 이웃 분류기는 훈련 데이터의 복잡도에 따라 결정 경계가 무한히 복잡해질 수 있으므로, 그 VC 차원은 무한합니다.",1,"2,3"
o1-preview,./data/data_hf.json,_는 훈련 데이터를 모델링할 수도 없고 새로운 데이터로 일반화할 수도 없는 모델을 나타낸다.,"선택지:
1번 - 잘 맞는 모델
2번 - 과적합
3번 - 과소적합
4번 - 위의 모든 항목","답: 과소적합

과소적합은 모델이 훈련 데이터의 패턴을 충분히 학습하지 못한 상태로, 복잡도가 낮아 데이터의 특성을 제대로 잡아내지 못합니다. 이로 인해 훈련 데이터에도 잘 맞지 않으며 새로운 데이터에 대한 일반화 능력도 부족합니다.",3,3
o1-preview,./data/data_hf.json,문장 1| F1 점수는 클래스 불균형이 큰 데이터셋에서 특히 유용할 수 있다. 문장 2| ROC 곡선 아래 면적은 이상 탐지기를 평가하는 데 사용되는 주요 지표 중 하나이다.,"선택지:
1번 - 참, 참
2번 - 거짓, 거짓
3번 - 참, 거짓
4번 - 거짓, 참","답: 참, 참

문장 1: F1 점수는 정밀도와 재현율의 조화 평균으로, 특히 클래스 불균형이 큰 데이터셋에서 유용합니다. 이는 소수 클래스에 대한 모델의 성능을 효과적으로 평가할 수 있게 해줍니다.

문장 2: ROC 곡선 아래 면적(AUC)은 모델의 분류 능력을 전체적으로 평가하는 데 사용되며, 이상 탐지기에서도 주요 지표로 활용됩니다.",1,1 1
o1-preview,./data/data_hf.json,문장 1| 역전파 알고리즘은 숨겨진 층을 가진 전역 최적 신경망을 학습한다. 문장 2| 직선의 VC 차원은 최대 2여야 한다. 왜냐하면 3개의 점 중 어떤 직선으로도 분리할 수 없는 경우가 적어도 하나 존재하기 때문이다.,"선택지:
1번 - 참, 참
2번 - 거짓, 거짓
3번 - 참, 거짓
4번 - 거짓, 참","답: 거짓, 거짓

첫 번째 문장은 거짓입니다. 역전파 알고리즘은 일반적으로 숨겨진 층을 가진 신경망에서 전역 최적해를 찾지 못하고 지역 최적해에 수렴할 수 있습니다.

두 번째 문장도 거짓입니다. 직선의 VC 차원은 3입니다. 이는 2차원 공간에서 어떤 3개의 점도 직선을 통해 완벽하게 분류할 수 있기 때문이며, 4개의 점은 항상 분리할 수 없으므로 VC 차원이 3입니다.",2,2 4
o1-preview,./data/data_hf.json,높은 엔트로피는 분류에서 분할이,"선택지:
1번 - 순수하다
2번 - 순수하지 않다
3번 - 유용하다
4번 - 쓸모없다","답: 순수하지 않다

높은 엔트로피는 데이터가 여러 클래스가 혼합되어 있어 분류가 잘 되지 않는, 즉 '순수하지 않은' 상태를 나타냅니다.",2,2
o1-preview,./data/data_hf.json,"문장 1| 레이어 정규화는 원본 ResNet 논문에서 사용되었고, 배치 정규화는 사용되지 않았다. 문장 2| DCGAN은 훈련 안정화를 위해 자기 주의를 사용한다.","선택지:
1번 - 참, 참
2번 - 거짓, 거짓
3번 - 참, 거짓
4번 - 거짓, 참","답: 거짓, 거짓

설명: 

- **문장 1**은 거짓입니다. 원본 ResNet 논문에서는 **배치 정규화(Batch Normalization)**가 사용되었고, **레이어 정규화(Layer Normalization)**는 사용되지 않았습니다. 레이어 정규화는 이후에 제안된 기법입니다.

- **문장 2**는 거짓입니다. **DCGAN(Deep Convolutional GAN)**은 훈련의 안정화를 위해 합성곱 신경망 구조를 사용하며, **자기 주의(Self-Attention)** 메커니즘은 사용하지 않습니다. 자기 주의는 이후에 나온 **Self-Attention GAN(SAGAN)** 등의 모델에서 도입되었습니다.",2,"2,4"
o1-preview,./data/data_hf.json,"특정 데이터셋에 대해 선형 회귀 모델을 구축할 때, 하나의 특성의 계수가 상대적으로 높은 음수 값을 가짐을 관찰한다. 이는 다음을 시사한다:","선택지:
1번 - 이 특성은 모델에 강한 영향을 미친다(유지해야 함)
2번 - 이 특성은 모델에 강한 영향을 미치지 않는다(무시해야 함)
3번 - 이 특성의 중요성에 대해 추가 정보 없이는 언급할 수 없다
4번 - 무엇도 결정할 수 없다",답: 이 특성은 모델에 강한 영향을 미친다(유지해야 함). 높은 음수의 계수는 해당 특성이 타깃 변수에 강한 음의 영향을 미친다는 것을 의미합니다.,3,1
o1-preview,./data/data_hf.json,"신경망에서, 과소적합(즉, 높은 편향 모델)과 과적합(즉, 높은 분산 모델) 사이의 균형에 가장 큰 영향을 미치는 구조적 가정은 무엇인가?","선택지:
1번 - 숨겨진 노드의 수
2번 - 학습률
3번 - 초기 가중치 선택
4번 - 상수항 입력 유닛 사용","답: 숨겨진 노드의 수

설명: 숨겨진 노드의 수는 신경망의 모델 복잡도를 결정합니다. 숨겨진 노드의 수가 너무 적으면 모델이 데이터의 패턴을 잘 학습하지 못하여 과소적합(높은 편향)이 발생하고, 너무 많으면 모델이 훈련 데이터에 과도하게 적합되어 새로운 데이터에 일반화하지 못하는 과적합(높은 분산)이 발생합니다. 따라서 숨겨진 노드의 수는 모델의 편향-분산 균형에 가장 큰 영향을 미치는 구조적 요소입니다.",1,1
o1-preview,./data/data_hf.json,"다항 회귀에서, 과소적합과 과적합 사이의 균형에 가장 큰 영향을 미치는 구조적 가정은 무엇인가?","선택지:
1번 - 다항식의 차수
2번 - 가중치를 행렬 역산법 또는 경사 하강법으로 학습할지 여부
3번 - 가우시안 잡음의 가정된 분산
4번 - 상수항 입력 유닛 사용","다항 회귀에서 **다항식의 차수**는 모델의 복잡도를 결정하는 주요 요인입니다. 차수가 너무 낮으면 데이터의 패턴을 충분히 포착하지 못해 과소적합이 발생하고, 차수가 너무 높으면 노이즈까지 학습하여 과적합이 발생할 수 있습니다.

답: 다항식의 차수",1,1
o1-preview,./data/data_hf.json,"문장 1| 2020년 기준으로, 일부 모델은 CIFAR-10에서 98% 이상의 정확도를 달성한다. 문장 2| 원래 ResNet은 Adam 옵티마이저로 최적화되지 않았다.","선택지:
1번 - 참, 참
2번 - 거짓, 거짓
3번 - 참, 거짓
4번 - 거짓, 참","답: 참, 참

설명: 2020년 기준으로 일부 모델이 CIFAR-10에서 98% 이상의 정확도를 달성하였으므로 문장 1은 참입니다. 또한, 원래 ResNet은 SGD 옵티마이저로 최적화되었고 Adam 옵티마이저를 사용하지 않았으므로 문장 2도 참입니다.",1,"1,2"
o1-preview,./data/data_hf.json,K-평균 알고리즘은:,"선택지:
1번 - 특징 공간의 차원이 샘플 수보다 커서는 안 된다
2번 - K = 1일 때 목적 함수의 값이 가장 작다
3번 - 주어진 클러스터 수에 대해 클래스 내 분산을 최소화한다
4번 - 초기 중심이 샘플 중 일부로 선택된 경우에만 전역 최적점으로 수렴한다","답: 주어진 클러스터 수에 대해 클래스 내 분산을 최소화한다

설명: K-평균 알고리즘은 주어진 클러스터 수 K에 대해 각 클러스터 내 데이터 포인트와 클러스터 중심 사이의 거리 제곱합을 최소화하여 클래스 내 분산을 최소화합니다.",3,3
o1-preview,./data/data_hf.json,문장 1| VGGNet은 AlexNet의 첫 번째 층 커널보다 더 작은 너비와 높이를 가진 합성곱 커널을 가지고 있다. 문장 2| 데이터 의존적인 가중치 초기화 절차는 배치 정규화 이전에 도입되었다.,"선택지:
1번 - 참, 참
2번 - 거짓, 거짓
3번 - 참, 거짓
4번 - 거짓, 참","답: 참

VGGNet은 전체적으로 3x3 크기의 작은 합성곱 커널을 사용하며, 이는 AlexNet의 첫 번째 층에서 사용된 11x11 크기의 커널보다 너비와 높이가 작습니다. 따라서 문장 1은 참입니다.

또한, 데이터 의존적인 가중치 초기화 방법은 배치 정규화가 도입되기 이전부터 사용되었습니다. 예를 들어, 사전 훈련(pre-training) 방법이나 Xavier 초기화 등은 배치 정규화 이전에 제안되었습니다. 따라서 문장 2도 참입니다.",1,1
o1-preview,./data/data_hf.json,"다음 행렬의 랭크는 얼마인가? A = [[1, 1, 1], [1, 1, 1], [1, 1, 1]]","선택지:
1번 - 0
2번 - 1
3번 - 2
4번 - 3","주어진 행렬 A는 모든 원소가 1인 3x3 행렬입니다. 이 행렬의 행(또는 열)은 모두 동일하므로 선형적으로 독립적인 행(또는 열)은 하나뿐입니다. 따라서 이 행렬의 랭크는 1입니다.

답: 1",2,2
o1-preview,./data/data_hf.json,문장 1| 밀도 추정(예: 커널 밀도 추정기 사용)은 분류를 수행하는 데 사용할 수 있다. 문장 2| 로지스틱 회귀와 가우시안 나이브 베이즈(동일 클래스 공분산을 가진) 간의 대응 관계는 두 분류기의 매개변수 간에 일대일 대응이 있음을 의미한다.,"선택지:
1번 - 참, 참
2번 - 거짓, 거짓
3번 - 참, 거짓
4번 - 거짓, 참","답: 참, 참

첫째 문장은 참입니다. 밀도 추정(예: 커널 밀도 추정기)은 각 클래스의 확률 밀도 함수를 추정하고, 이를 통해 베이즈 정리를 사용하여 분류에 활용할 수 있습니다.

둘째 문장도 참입니다. 동일한 클래스 공분산을 가진 가우시안 나이브 베이즈와 로지스틱 회귀는 모두 선형 결정 경계를 가지며, 두 모델 사이의 매개변수에는 일대일 대응 관계가 있습니다.",3,1 3
o1-preview,./data/data_hf.json,우리가 집들의 기하학적 위치와 같은 공간 데이터를 클러스터링하려고 한다고 가정합시다. 우리는 크기와 형태가 다른 여러 클러스터를 만들고자 합니다. 다음 방법 중 가장 적합한 방법은 무엇인가요?,"선택지:
1번 - 결정 트리
2번 - 밀도 기반 클러스터링
3번 - 모델 기반 클러스터링
4번 - K-평균 클러스터링","집들의 공간적 위치 데이터를 다양한 크기와 모양의 클러스터로 분류하려면, 밀도 기반 클러스터링이 가장 적합합니다. 밀도 기반 클러스터링(예: DBSCAN)은 데이터 포인트의 밀도를 기반으로 클러스터를 식별하며, 임의의 모양과 크기의 클러스터를 효과적으로 발견할 수 있습니다. 또한, 노이즈나 이상치 처리가 잘 됩니다.

답: 밀도 기반 클러스터링",2,2
o1-preview,./data/data_hf.json,문장 1| AdaBoost에서 잘못 분류된 예제들의 가중치는 동일한 곱셈 인자만큼 증가한다. 문장 2| AdaBoost에서 t번째 약한 분류기의 훈련 데이터에 대한 가중 훈련 오류 e_t는 t에 따라 증가하는 경향이 있다.,"선택지:
1번 - 참, 참
2번 - 거짓, 거짓
3번 - 참, 거짓
4번 - 거짓, 참","답: 참, 거짓

문장 1은 참입니다. AdaBoost에서는 각 라운드에서 잘못 분류된 예제들의 가중치가 동일한 곱셈 인자(exp(αₜ))만큼 증가합니다.

문장 2는 거짓입니다. AdaBoost에서 t번째 약한 분류기의 가중 훈련 오류 eₜ는 t에 따라 일정하지 않으며, 반드시 증가하는 경향을 보이지 않습니다.",1,"1,2"
o1-preview,./data/data_hf.json,MLE 추정치는 종종 바람직하지 않은데 그 이유는 무엇인가요?,"선택지:
1번 - 편향이 있다
2번 - 분산이 크다
3번 - 일관된 추정자가 아니다
4번 - 위의 어느 것도 아님","답: 분산이 크다

설명: MLE 추정치는 데이터에 가장 잘 맞는 값을 찾지만, 특히 표본 크기가 작은 경우 분산이 커져 추정치의 신뢰성이 떨어질 수 있습니다. 이는 과적합(overfitting)의 문제를 야기하여 새로운 데이터에 대한 예측 성능이 저하될 수 있습니다.",2,2
o1-preview,./data/data_hf.json,경사 하강법의 계산 복잡도는 무엇인가요?,"선택지:
1번 - 4에 대해 선형
2번 - N에 대해 선형
3번 - 4에 대해 다항식
4번 - 반복 횟수에 의존",답: 반복 횟수에 의존합니다. 경사 하강법의 계산 복잡도는 각 반복에서 수행되는 계산량과 총 반복 횟수에 따라 결정됩니다. 따라서 전체 계산 복잡도는 반복 횟수에 의존합니다.,3,4
o1-preview,./data/data_hf.json,여러 결정 트리의 출력을 평균내는 것은 _에 도움이 된다.,"선택지:
1번 - 편향 증가
2번 - 편향 감소
3번 - 분산 증가
4번 - 분산 감소","답: 분산 감소

여러 결정 트리의 출력을 평균내면 모델의 분산을 감소시켜 예측의 안정성을 높이는 데 도움이 됩니다.",4,4
o1-preview,./data/data_hf.json,"질병 D의 발생률이 100명 중 5명(즉, P(D) = 0.05)이라고 하자. 부울 랜덤 변수 D는 환자가 '질병 D를 가지고 있다'를 의미하고, 부울 랜덤 변수 TP는 '양성 반응을 나타낸다'를 의미한다. 질병 D에 대한 검사는 매우 정확한 것으로 알려져 있으며, 질병이 있을 때 양성 반응을 보일 확률은 0.99이고, 질병이 없을 때 음성 반응을 보일 확률은 0.97이다. P(TP), 즉 양성 반응을 나타낼 확률은 얼마인가?","선택지:
1번 - 0.0368
2번 - 0.473
3번 - 0.078
4번 - 위의 어느 것도 아님","답: 0.078

질병 D의 발생률이 5%이므로 P(D) = 0.05이고, 질병이 없을 확률은 P(¬D) = 0.95입니다. 검사 정확도에 따라 다음 조건이 주어집니다:

- 질병이 있을 때 양성 반응 확률: P(TP | D) = 0.99
- 질병이 없을 때 양성 반응 확률(거짓 양성): P(TP | ¬D) = 1 - P(TN | ¬D) = 1 - 0.97 = 0.03

전체 인구에서 양성 반응을 보일 확률 P(TP)는 다음과 같이 계산됩니다:

\[ P(TP) = P(TP | D)P(D) + P(TP | \neg D)P(\neg D) \]
\[ P(TP) = (0.99)(0.05) + (0.03)(0.95) = 0.0495 + 0.0285 = 0.078 \]

따라서, 양성 반응을 나타낼 확률은 0.078입니다.

---

**답: 0.078**",3,3
o1-preview,./data/data_hf.json,다음 중 결정 트리를 가지치기 하는 주요 이유는 무엇인가요?,"선택지:
1번 - 테스트 중 계산 시간을 절약하기 위해
2번 - 결정 트리를 저장하기 위한 공간을 절약하기 위해
3번 - 훈련 세트 오류를 더 작게 만들기 위해
4번 - 훈련 세트의 과적합을 피하기 위해","답: 훈련 세트의 과적합을 피하기 위해

가지치기는 결정 트리가 훈련 데이터에 지나치게 적합되어 새로운 데이터에 대한 일반화 능력이 떨어지는 것을 방지하기 위해 사용됩니다.",4,4
o1-preview,./data/data_hf.json,"모델이 과적합되고 있다고 가정했을 때, 과적합을 줄이기 위한 유효한 방법이 아닌 것은 무엇인가요?","선택지:
1번 - 훈련 데이터의 양을 증가시킨다.
2번 - 오류 최소화를 위한 최적화 알고리즘을 개선한다.
3번 - 모델의 복잡도를 줄인다.
4번 - 훈련 데이터의 노이즈를 줄인다.","답: 오류 최소화를 위한 최적화 알고리즘을 개선한다.

설명: 과적합은 모델이 훈련 데이터에 너무 정확하게 맞춰져 일반화 능력이 떨어질 때 발생합니다. 최적화 알고리즘을 개선하여 오류를 최소화하면 훈련 데이터에 대한 적합도가 더 높아져 과적합이 더욱 심화될 수 있습니다. 따라서 이는 과적합을 줄이기 위한 유효한 방법이 아닙니다.",2,"학생의 답안은 '답: 오류 최소화를 위한 최적화 알고리즘을 개선한다.'입니다. 이를 '답:'을 제거하여 '오류 최소화를 위한 최적화 알고리즘을 개선한다.'로 정리합니다.

선택지를 주어진 문자열에서 각 항목으로 분리하면 다음과 같습니다:

1. '1번 - 훈련 데이터의 양을 증가시킨다.'
2. '2번 - 오류 최소화를 위한 최적화 알고리즘을 개선한다.'
3. '3번 - 모델의 복잡도를 줄인다.'
4. '4번 - 훈련 데이터의 노이즈를 줄인다.'

각 선택지에서 번호와 내용을 분리하면, 학생의 답안과 동일한 내용은 2번의 '오류 최소화를 위한 최적화 알고리즘을 개선한다.'입니다.

따라서 학생이 선택한 번호는 **2**입니다.

**2**"
o1-preview,./data/data_hf.json,문장 1| 소프트맥스 함수는 다중 클래스 로지스틱 회귀에서 일반적으로 사용된다. 문장 2| 비균등 소프트맥스 분포의 온도는 엔트로피에 영향을 미친다.,"선택지:
1번 - 참, 참
2번 - 거짓, 거짓
3번 - 참, 거짓
4번 - 거짓, 참","답: 참, 참

설명:

**문장 1**: 소프트맥스 함수는 다중 클래스 로지스틱 회귀에서 일반적으로 사용된다. 이는 참입니다. 소프트맥스 함수는 다중 클래스 분류 문제에서 각 클래스에 대한 확률을 계산하여 예측하기 위해 사용됩니다.

**문장 2**: 비균등 소프트맥스 분포의 온도는 엔트로피에 영향을 미친다. 이것도 참입니다. 소프트맥스 함수에서 온도 매개변수는 분포의 엔트로피를 조절하며, 온도가 높아지면 분포의 엔트로피가 증가하여 확률 분포가 더욱 균일해집니다.",1,"학생이 선택한 답변은 '참, 참'입니다. 각 문장에 대한 선택지는 다음과 같이 번호가 매겨져 있습니다:

1번 - 참
2번 - 거짓
3번 - 참
4번 - 거짓

따라서 학생이 선택한 답변은 1번과 3번입니다.

**채점 결과(숫자): 1,3**"
o1-preview,./data/data_hf.json,다음 중 SVM에 대해 참인 것은 무엇인가요?,"선택지:
1번 - 2차원 데이터 포인트에 대해, 선형 SVM이 학습한 분리 초평면은 직선이 된다.
2번 - 이론적으로, 가우시안 커널 SVM은 복잡한 분리 초평면을 모델링할 수 없다.
3번 - SVM에서 사용되는 모든 커널 함수에 대해, 등가의 폐쇄형 기저 확장을 얻을 수 있다.
4번 - SVM에서 과적합은 지원 벡터의 수와는 관련이 없다.","답: 2차원 데이터 포인트에 대해, 선형 SVM이 학습한 분리 초평면은 직선이 된다.

간단한 설명: 2차원 공간에서 선형 SVM은 데이터를 분류하기 위한 최적의 직선을 학습합니다. 이 직선은 두 클래스를 최대 마진으로 분리하는 역할을 합니다.",1,"학생의 답변이 어떤 선택지에 해당하는지 찾기 위해 선택지와 학생의 답변을 비교해보겠습니다.

**선택지:**
1. 2차원 데이터 포인트에 대해 선형 SVM이 학습한 분리 초평면은 직선이 된다.
2. 이론적으로 가우시안 커널 SVM은 복잡한 분리 초평면을 모델링할 수 없다.
3. SVM에서 사용되는 모든 커널 함수에 대해 등가의 폐쇄형 기저 확장을 얻을 수 있다.
4. SVM에서 과적합은 지원 벡터의 수와는 관련이 없다.

**학생의 답변:**
답: 2차원 데이터 포인트에 대해, 선형 SVM이 학습한 분리 초평면은 직선이 된다.

학생의 답변은 선택지 1번의 내용과 일치합니다.

**따라서, 학생이 선택한 답변은 1번입니다.**

**채점 결과: 1**"
o1-preview,./data/data_hf.json,"주어진 베이지안 네트워크 H -> U <- P <- W에 의해 설명되는 H, U, P, W의 결합 확률은 무엇인가요? [조건부 확률의 곱으로서]","선택지:
1번 - P(H, U, P, W) = P(H) * P(W) * P(P) * P(U)
2번 - P(H, U, P, W) = P(H) * P(W) * P(P | W) * P(W | H, P)
3번 - P(H, U, P, W) = P(H) * P(W) * P(P | W) * P(U | H, P)
4번 - 위의 어느 것도 아님","답: P(H, U, P, W) = P(H) * P(W) * P(P | W) * P(U | H, P)

**설명:**

베이지안 네트워크에서 각 변수의 결합 확률은 조건부 확률의 곱으로 표현할 수 있습니다. 주어진 네트워크 H → U ← P ← W에서는 다음과 같은 의존 관계가 있습니다:

- **H**는 부모 노드로서 직접적인 선행 확률 P(H)를 가집니다.
- **W**도 부모 노드로서 P(W)를 가집니다.
- **P**는 **W**에 조건부로 의존하므로 P(P | W)입니다.
- **U**는 **H**와 **P**에 의존하므로 P(U | H, P)입니다.

따라서 전체 결합 확률은 이 조건부 확률들을 곱한 형태로 표현됩니다:

P(H, U, P, W) = P(H) * P(W) * P(P | W) * P(U | H, P)",3,"학생의 답변은 ""P(H, U, P, W) = P(H) * P(W) * P(P | W) * P(U | H, P)""입니다.

선택지를 정리하면 다음과 같습니다:

1번 - P(H, U, P, W) = P(H) * P(W) * P(P) * P(U)

2번 - P(H, U, P, W) = P(H) * P(W) * P(P | W) * P(W | H, P)

3번 - P(H, U, P, W) = P(H) * P(W) * P(P | W) * P(U | H, P)

4번 - 위의 어느 것도 아님

학생의 답변은 3번 선택지와 일치합니다.

**결과:**

3"
o1-preview,./data/data_hf.json,문장 1| ID3 알고리즘은 최적의 결정 트리를 찾을 수 있도록 보장된다. 문장 2| 밀도 함수 f()가 모든 곳에서 0이 아닌 연속 확률 분포를 고려하자. 값 x의 확률은 f(x)와 같다.,"선택지:
1번 - 참, 참
2번 - 거짓, 거짓
3번 - 참, 거짓
4번 - 거짓, 참","답: 거짓, 거짓

**해설:**

- **문장 1**: ID3 알고리즘은 탐욕적(greedy) 방법으로 결정 트리를 생성하기 때문에 최적의 결정 트리를 찾을 것을 보장하지 않습니다. 따라서 문장 1은 거짓입니다.

- **문장 2**: 연속 확률 분포에서 특정 값 \( x \)의 확률 \( P(X = x) \)는 항상 0입니다. 확률 밀도 함수 \( f(x) \)는 확률이 아닌 확률 밀도를 나타내며, 특정 구간에서의 확률은 확률 밀도 함수를 해당 구간에서 적분하여 계산합니다. 따라서 문장 2도 거짓입니다.",2,"학생의 대답은 '답: 거짓, 거짓'입니다.

주어진 선택지를 보면:

1. 선택지:
   - 1번 - 참
2. 참
   - 2번 - 거짓
3. 거짓
   - 3번 - 참
4. 거짓
   - 4번 - 거짓
5. 참

따라서 '거짓'에 해당하는 선택지는 2번과 4번입니다. 학생은 두 번의 '거짓'을 선택했으므로, 선택지 번호로는 2번과 4번을 선택한 것입니다.

**채점 결과(숫자): 2 4**"
o1-preview,./data/data_hf.json,"N개의 입력 노드와 은닉층이 없고, 하나의 출력 노드가 있는 신경망이 주어졌을 때, 엔트로피 손실 함수와 시그모이드 활성화 함수가 주어졌을 때, 다음 중 적절한 하이퍼파라미터와 초기화로 전역 최적값을 찾을 수 있는 알고리즘은 무엇인가요?","선택지:
1번 - 확률적 경사 하강법
2번 - 미니배치 경사 하강법
3번 - 배치 경사 하강법
4번 - 위의 모든 것","답: 위의 모든 것

설명: 주어진 신경망은 은닉층이 없는 시그모이드 활성화 함수를 사용하는 구조로, 이는 로지스틱 회귀와 동일합니다. 이 경우 엔트로피 손실 함수는 볼록(convex)하며, 최적화 문제는 전역 최적값을 가집니다. 따라서 확률적 경사 하강법, 미니배치 경사 하강법, 배치 경사 하강법 모두 적절한 하이퍼파라미터와 초기화를 통해 전역 최적값을 찾을 수 있습니다.",4,4
o1-preview,./data/data_hf.json,Out-of-distribution 탐지를 위한 또 다른 용어는 무엇인가요?,"선택지:
1번 - 이상 탐지
2번 - 일 클래스 탐지
3번 - 훈련-테스트 불일치 강건성
4번 - 배경 탐지","답: 이상 탐지

이상 탐지는 모델이 학습한 데이터 분포에서 벗어난 데이터 포인트를 감지하는 것으로, 이는 **Out-of-Distribution(OOD) 탐지**와 동일한 의미를 갖습니다. 두 용어 모두 모델이 예상하지 못한 입력이나 훈련 시 보지 못한 새로운 유형의 데이터를 식별하는 데 사용됩니다.",1,1
o1-preview,./data/data_hf.json,문장 1| 우리는 약한 학습기 h를 부스팅하여 분류기 f를 학습한다. f의 결정 경계의 함수형은 h와 동일하지만 매개변수가 다르다. (예: h가 선형 분류기라면 f도 선형 분류기이다). 문장 2| 교차 검증을 사용하여 부스팅에서 반복 횟수를 선택할 수 있다. 이 절차는 과적합을 줄이는 데 도움이 될 수 있다.,"선택지:
1번 - 참, 참
2번 - 거짓, 거짓
3번 - 참, 거짓
4번 - 거짓, 참","답: 거짓, 참

문장 1은 거짓입니다. 부스팅을 통해 여러 약한 학습기 h를 결합하면, 최종 분류기 f의 결정 경계는 h보다 복잡해질 수 있어 h와 동일한 함수형이 아닐 수 있습니다. 따라서 h가 선형 분류기여도 f는 비선형 분류기가 될 수 있습니다.

문장 2는 참입니다. 부스팅에서 반복 횟수를 교차 검증으로 선택하면 과적합을 줄이는 데 도움이 됩니다. 이는 최적의 반복 횟수를 찾아 일반화 성능을 향상시킬 수 있기 때문입니다.",4,"2,3"
o1-preview,./data/data_hf.json,"훈련 데이터셋에서 N이 인스턴스의 수일 때, 최근접 이웃 분류기의 실행 시간은","선택지:
1번 - O(1)
2번 - O( N )
3번 - O(log N )
4번 - O( N^2 )",답: O( N ). 최근접 이웃 분류기는 새로운 데이터를 분류할 때 훈련 데이터셋의 모든 N개의 인스턴스와 거리를 계산해야 하므로 실행 시간은 O( N )입니다.,2,2
o1-preview,./data/data_hf.json,"문장 1| 원래 ResNet과 Transformer는 모두 피드포워드 신경망이다. 문장 2| 원래 Transformer는 자기 주의를 사용하지만, 원래 ResNet은 사용하지 않는다.","선택지:
1번 - 참, 참
2번 - 거짓, 거짓
3번 - 참, 거짓
4번 - 거짓, 참","답: 참, 참

ResNet과 Transformer는 모두 피드포워드 신경망입니다. 또한, Transformer는 자기 주의를 사용하지만 ResNet은 사용하지 않습니다.",1,"학생이 선택한 선택지 번호는 1과 3입니다. 따라서 숫자로만 표현하면:

**1 3**"
o1-preview,./data/data_hf.json,다음 중 공간 클러스터링 알고리즘은 무엇인가요?,"선택지:
1번 - 분할 기반 클러스터링
2번 - K-평균 클러스터링
3번 - 격자 기반 클러스터링
4번 - 위의 모든 것","공간 클러스터링 알고리즘은 공간 데이터의 위치 정보를 활용하여 데이터를 그룹화하는 기법입니다. 분할 기반 클러스터링과 K-평균 클러스터링은 데이터를 특정 기준에 따라 분할하며, 격자 기반 클러스터링은 공간을 격자로 나누어 클러스터를 형성합니다. 따라서 위의 모든 알고리즘이 공간 클러스터링에 해당합니다.

답: 위의 모든 것",4,4
o1-preview,./data/data_hf.json,문장 1| 서포트 벡터 머신이 구성하는 최대 여유 결정 경계는 모든 선형 분류기 중에서 가장 낮은 일반화 오류를 가진다. 문장 2| 클래스 조건부 가우시안 분포를 가진 생성 모델에서 얻은 어떤 결정 경계도 원칙적으로 SVM과 다항 커널 차수 3 이하로 재현될 수 있다.,"선택지:
1번 - 참, 참
2번 - 거짓, 거짓
3번 - 참, 거짓
4번 - 거짓, 참","답: 거짓, 참

설명:

**문장 1**은 거짓입니다. 서포트 벡터 머신(SVM)은 최대 마진을 가지는 결정 경계를 찾기 위해 설계되었으며, 이는 이론적으로 일반화 오류의 상한을 최소화하는 데 도움이 됩니다. 그러나 실제로 모든 선형 분류기 중에서 항상 가장 낮은 일반화 오류를 보장하지는 않습니다. 데이터의 특성, 노이즈, 분포 등에 따라 다른 선형 분류기가 SVM보다 더 좋은 성능을 보일 수 있습니다.

**문장 2**는 참입니다. 클래스 조건부 가우시안 분포를 가진 생성 모델에서 나오는 결정 경계는 최대 이차(quadratic) 형태입니다. 이는 다항 커널 차수가 2인 SVM으로 재현할 수 있습니다. 따라서 차수가 3 이하인 다항 커널 SVM을 사용하면 이러한 결정 경계를 원칙적으로 재현할 수 있습니다.",4,"2,3"
o1-preview,./data/data_hf.json,문장 1| 선형 모델의 L2 정규화는 L1 정규화보다 모델을 더 희소하게 만든다. 문장 2| 잔차 연결은 ResNet과 Transformer에서 찾을 수 있다.,"선택지:
1번 - 참, 참
2번 - 거짓, 거짓
3번 - 참, 거짓
4번 - 거짓, 참","답: 거짓, 참

**설명:**

- **문장 1:** L1 정규화는 가중치의 절댓값 합을 최소화하여 일부 가중치를 정확히 0으로 만듭니다. 이는 모델을 희소하게 만들어 특성 선택 효과를 제공합니다. 반면, L2 정규화는 가중치의 제곱합을 최소화하여 가중치를 0에 가깝게 만들지만 정확히 0으로 만들지는 않으므로 L1 정규화보다 덜 희소한 모델을 만듭니다.

- **문장 2:** 잔차 연결은 딥러닝 모델에서 학습을 안정화하고 성능을 향상시키기 위해 사용되는 기법으로, ResNet에서 처음 소개되었으며 Transformer 모델에서도 사용되어 정보 흐름을 원활하게 합니다.",4,0
o1-preview,./data/data_hf.json,배깅을 수행할 때 과적합을 방지하는 것은 무엇인가요?,"선택지:
1번 - 샘플링 기법으로 교체를 사용하는 것
2번 - 약한 분류기를 사용하는 것
3번 - 과적합에 취약하지 않은 분류 알고리즘을 사용하는 것
4번 - 훈련된 모든 분류기에 대해 수행되는 검증 절차","답: **샘플링 기법으로 교체를 사용하는 것**. 배깅에서는 원본 데이터에서 복원 추출을 통해 여러 부트스트랩 샘플을 생성하고, 각 샘플로 개별 모델을 훈련시킵니다. 이를 통해 모델의 분산을 감소시키고 과적합을 방지할 수 있습니다.",2,"학생의 답변을 보면 **""샘플링 기법으로 교체를 사용하는 것""**을 선택했습니다. 이 선택지는 제시된 선택지에서 **1번**에 해당합니다.

**따라서 학생이 선택한 번호는 1번입니다.**"
o1-preview,./data/data_hf.json,"다음 행렬의 영공간의 차원은 얼마인가요? A = [[3, 2, −9], [−6, −4, 18], [12, 8, −36]]","선택지:
1번 - 0
2번 - 1
3번 - 2
4번 - 3","답: 2

설명: 주어진 행렬 A는 모든 행이 첫 번째 행의 스칼라 배수이므로 랭크가 1입니다. 따라서 영공간의 차원은 변수의 수(3)에서 랭크(1)를 뺀 값인 2가 됩니다.",3,3
o1-preview,./data/data_hf.json,서포트 벡터란 무엇인가요?,"선택지:
1번 - 결정 경계에서 가장 먼 예제들
2번 - SVM에서 f(x)를 계산하는 데 필요한 유일한 예제들
3번 - 데이터 중심
4번 - SVM에서 비제로 가중치 αk를 가진 모든 예제들","답: SVM에서 비제로 가중치 αk를 가진 모든 예제들

서포트 벡터는 서포트 벡터 머신(SVM)에서 결정 경계를 형성하는 데 직접적인 영향을 주는 데이터 포인트들로, 이들은 비제로인 가중치 αk를 갖습니다. 이러한 데이터 포인트들만이 모델의 학습 결과에 영향을 미치며, 나머지 예제들은 가중치가 0이 되어 결정 경계에 영향을 주지 않습니다.",2,"학생의 답변은 '답: SVM에서 비제로 가중치 αk를 가진 모든 예제들'이며, 이는 선택지 중 4번과 일치합니다. 따라서 학생이 선택한 답변 번호는 4번입니다.

최종 답: **4**"
o1-preview,./data/data_hf.json,"훈련 손실이 에폭 수에 따라 증가한다면, 학습 과정에서 발생할 수 있는 문제는 무엇인가요?","선택지:
1번 - 정규화가 너무 낮고 모델이 과적합되고 있다
2번 - 정규화가 너무 높고 모델이 과소적합되고 있다
3번 - 단계 크기가 너무 크다
4번 - 단계 크기가 너무 작다",답: 단계 크기가 너무 크다. 학습률이 너무 크면 최적점을 지나치며 손실이 증가할 수 있습니다.,3,3
o1-preview,./data/data_hf.json,"질병 D의 발생률이 100명 중 5명(즉, P(D) = 0.05)이라고 하자. 부울 랜덤 변수 D는 환자가 '질병 D를 가지고 있다'를 의미하고, 부울 랜덤 변수 TP는 '양성 반응을 나타낸다'를 의미한다. 질병 D에 대한 검사는 매우 정확한 것으로 알려져 있으며, 질병이 있을 때 양성 반응을 보일 확률은 0.99이고, 질병이 없을 때 음성 반응을 보일 확률은 0.97이다. P(D | TP), 즉 양성 반응을 나타낼 확률은 얼마인가?","선택지:
1번 - 0.0495
2번 - 0.078
3번 - 0.635
4번 - 0.97","답: 0.635

**설명:**

우리는 베이즈 정리를 사용하여 P(D | TP)를 계산할 수 있습니다.

1. **주어진 확률:**
   - P(D) = 0.05 (질병이 있을 확률)
   - P(¬D) = 1 - P(D) = 0.95 (질병이 없을 확률)
   - P(TP | D) = 0.99 (질병이 있을 때 양성 반응을 보일 확률)
   - P(TP | ¬D) = 1 - P(TN | ¬D) = 1 - 0.97 = 0.03 (질병이 없을 때 양성 반응을 보일 확률)

2. **전체 확률의 법칙을 사용하여 P(TP)를 계산합니다:**

\[
P(TP) = P(TP | D) \times P(D) + P(TP | \neg D) \times P(\neg D) \\
= (0.99 \times 0.05) + (0.03 \times 0.95) \\
= 0.0495 + 0.0285 = 0.078
\]

3. **베이즈 정리를 사용하여 P(D | TP)를 계산합니다:**

\[
P(D | TP) = \frac{P(TP | D) \times P(D)}{P(TP)} \\
= \frac{0.99 \times 0.05}{0.078} \\
= \frac{0.0495}{0.078} \approx 0.635
\]

따라서 양성 반응을 보일 때 실제로 질병 D를 가지고 있을 확률은 약 63.5%입니다.

**선택지 중에서 0.635가 정답입니다.**",3,3
o1-preview,./data/data_hf.json,K-폴드 교차 검증은,"선택지:
1번 - K에 대해 선형
2번 - K에 대해 이차
3번 - K에 대해 삼차
4번 - K에 대해 지수","답: K에 대해 선형

설명: K-폴드 교차 검증은 데이터를 K개의 폴드로 나누어 각 폴드마다 모델을 학습하고 검증하므로, 총 K번의 모델 학습이 필요합니다. 따라서 연산량은 K에 비례하여 선형적으로 증가합니다.",1,1
o1-preview,./data/data_hf.json,"두 개의 부울 랜덤 변수 A와 B가 주어졌을 때, P(A) = 1/2, P(B) = 1/3, 그리고 P(A | ¬B) = 1/4이면, P(A | B)는 얼마인가?","선택지:
1번 - 1/6
2번 - 1/4
3번 - 3/4
4번 - 1","답: 1

설명:
조건부 확률의 합 공식에 따라 전체 확률 P(A)는 다음과 같이 분해할 수 있습니다:
\[ P(A) = P(B) \times P(A|B) + P(\neg B) \times P(A|\neg B) \]
여기서 \( P(B) = \frac{1}{3} \), \( P(\neg B) = 1 - P(B) = \frac{2}{3} \), \( P(A|\neg B) = \frac{1}{4} \), \( P(A) = \frac{1}{2} \)입니다.

공식을 적용하여 풀어보면:
\[ \frac{1}{2} = \frac{1}{3} \times P(A|B) + \frac{2}{3} \times \frac{1}{4} \]
\[ \frac{1}{2} = \frac{1}{3} \times P(A|B) + \frac{1}{6} \]
\[ \frac{1}{2} - \frac{1}{6} = \frac{1}{3} \times P(A|B) \]
\[ \frac{1}{3} = \frac{1}{3} \times P(A|B) \]
따라서 \( P(A|B) = 1 \)입니다.",4,4
o1-preview,./data/data_hf.json,"문장 1| 로지스틱 회귀 모델의 가능도(maximum likelihood)를 최대화하면 여러 개의 국소 최적값이 발생한다. 문장 2| 데이터 분포가 알려져 있으면, 나이브 베이즈 분류기가 다른 분류기보다 더 잘할 수 없다.","선택지:
1번 - 참, 참
2번 - 거짓, 거짓
3번 - 참, 거짓
4번 - 거짓, 참","답: 거짓, 거짓

**설명:**

- **문장 1:** 로지스틱 회귀 모델에서 가능도 함수는 **convex(볼록)** 함수이므로, 최대화하면 **단 하나의 전역 최적값**만 존재합니다. 따라서 여러 개의 국소 최적값이 발생하지 않습니다.

- **문장 2:** 데이터 분포가 알려져 있고 나이브 베이즈 분류기의 가정이 적절하게 적용된다면, 나이브 베이즈 분류기가 다른 분류기보다 **더 우수한 성능을 보일 수 있습니다**. 이는 나이브 베이즈 분류기가 특정 상황에서 최적의 분류기가 될 수 있음을 의미합니다.",2,"2, 2"
o1-preview,./data/data_hf.json,"문장 1| SVM 학습 알고리즘은 객체 함수에 대해 전역 최적 가설을 찾을 수 있도록 보장된다. 문장 2| 방사형 기저 함수 커널을 통해 특성 공간 Q로 매핑된 후, 퍼셉트론은 원래 공간보다 더 나은 분류 성능을 달성할 수 있다(하지만 이를 보장할 수는 없다).","선택지:
1번 - 참, 참
2번 - 거짓, 거짓
3번 - 참, 거짓
4번 - 거짓, 참","문장 1은 참입니다. SVM 학습 알고리즘은 볼록한 최적화 문제를 풀기 때문에 객체 함수에 대해 전역 최적 해를 찾을 수 있습니다.

문장 2도 참입니다. 방사형 기저 함수 커널을 사용하여 특성 공간을 확장하면 퍼셉트론이 원래 공간에서보다 더 나은 분류 성능을 달성할 수 있지만, 데이터의 분포에 따라 항상 성능이 향상되는 것은 아니므로 이를 보장할 수는 없습니다.

**답:** 참, 참",1,1 3
o1-preview,./data/data_hf.json,문장 1| 훈련 데이터 집합이 작을 때 과적합이 더 발생할 가능성이 높다. 문장 2| 가설 공간이 작을 때 과적합이 더 발생할 가능성이 높다.,"선택지:
1번 - 참, 참
2번 - 거짓, 거짓
3번 - 참, 거짓
4번 - 거짓, 참","답: 참, 거짓

설명:

- **문장 1**은 참입니다. 훈련 데이터 집합이 작을 경우 모델이 데이터의 노이즈를 과도하게 학습하여 과적합이 발생할 가능성이 높습니다.
- **문장 2**는 거짓입니다. 가설 공간이 작을 때 모델의 복잡도가 낮아져 과적합보다는 과소적합이 발생할 가능성이 높습니다.",4,"1,2"
