Model Name,File Name,Question,Choices,Model Response,Correct Answer
claude-3-5-haiku-20241022,./data/data_BDA.json,다음 중 선형회귀와 로지스틱 회귀에 대한 설명으로 가장 알맞지 않은 것은 무엇인가?,"선택지:
1번 - 선형회귀에서 잔차는 정규분포를 따른다.
2번 - 선형회귀는 독립변수를 사용해 종속변수의 움직임을 예측한다.
3번 - 로지스틱 회귀는 종속변수가 이진이며 분류에 사용한다.
4번 - 선형회귀에서 로짓 변환을 사용한다.","단계별로 생각해보겠습니다.

1. 선형회귀 특징 검토:
- 잔차가 정규분포를 따르는 것은 맞습니다.
- 독립변수를 사용해 종속변수의 움직임을 예측하는 것도 맞습니다.

2. 로지스틱 회귀 특징 검토:
- 종속변수가 이진(0/1)이며 분류에 사용하는 것이 맞습니다.

3. 마지막 선택지 검토:
- ""선형회귀에서 로짓 변환을 사용한다""는 문장은 잘못되었습니다.
- 로짓 변환은 로지스틱 회귀에서 사용하는 방법이지, 선형회귀에서 사용하지 않습니다.

4. 결론:
정답은 4번 ""선형회귀에서 로짓 변환을 사용한다"" 입니다.

따라서 정답은 4번입니다.",4
claude-3-5-haiku-20241022,./data/data_BDA.json,종속변수가 범주형이고 독립변수가 수치형 변수 여러 개로 이루어진 변수 간의 관계를 분석하기 위해 적용할 수 있는 알고리즘으로 올바른 것은?,"선택지:
1번 - 로지스틱 회귀 분석
2번 - k-평균 군집
3번 - 주성분 분석
4번 - DBSCAN","이 문제를 단계별로 해결해보겠습니다.

1. 문제 분석
- 종속변수: 범주형
- 독립변수: 수치형 변수 여러 개

2. 각 선택지 검토
1) 로지스틱 회귀 분석
- 종속변수가 범주형일 때 사용
- 독립변수가 수치형인 경우에 적합
- 분류 문제를 해결하는 데 적합

2) k-평균 군집
- 비지도학습 알고리즘
- 데이터를 군집으로 분류하는 목적
- 분류 문제와는 다름

3) 주성분 분석
- 차원 축소 기법
- 변수들 간의 관계를 분석하는 데 사용
- 분류 문제 해결에 직접적이지 않음

4) DBSCAN
- 밀도 기반 클러스터링 알고리즘
- 군집화 목적
- 분류 문제와는 다름

3. 결론
가장 적합한 알고리즘은 ""로지스틱 회귀 분석""입니다.

정답: 1",1
claude-3-5-haiku-20241022,./data/data_BDA.json,다음 중 로지스틱 회귀분석에 대한 설명으로 가장 알맞지 않은 것은 무엇인가?,"선택지:
1번 - 독립변수가 범주형이다.
2번 - 종속변수는 0과 1이다.
3번 - 로짓 변환을 사용한다.
4번 - 시그모이드 함수를 사용한다.","단계별로 로지스틱 회귀분석의 특징을 분석해보겠습니다.

1. 첫 번째 선택지: ""독립변수가 범주형이다.""
- 로지스틱 회귀분석에서 독립변수는 연속형 또는 범주형 모두 가능합니다.
- 따라서 이 선택지는 정확하지 않습니다.

2. 두 번째 선택지: ""종속변수는 0과 1이다.""
- 로지스틱 회귀분석의 종속변수는 이항 변수(0 또는 1)입니다.
- 이는 맞는 설명입니다.

3. 세 번째 선택지: ""로짓 변환을 사용한다.""
- 로지스틱 회귀분석에서는 로짓 변환을 사용합니다.
- 이 설명도 정확합니다.

4. 네 번째 선택지: ""시그모이드 함수를 사용한다.""
- 로지스틱 회귀분석은 시그모이드 함수를 사용하여 확률을 계산합니다.
- 이 설명 역시 맞습니다.

따라서 가장 알맞지 않은 설명은 첫 번째 선택지입니다.

정답: 1번 ""독립변수가 범주형이다.""",1
claude-3-5-haiku-20241022,./data/data_BDA.json,서포트 벡터 머신에 대한 설명으로 옳지 않은 것은?,"선택지:
1번 - 데이터 세트의 크기가 클 경우 최적화를 위한 평가 과정이 줄어들어 속도가 빠르다.
2번 - 다른 모형보다 과대적합에 강하다.
3번 - 비선형으로 분류되는 모형에 사용할 수 있다.
4번 - 서포트 벡터가 여러 개일 수 있다.","단계별로 서포트 벡터 머신(SVM)에 대해 차근차근 분석해보겠습니다.

1. 각 선택지 검토:
• 1번: ""데이터 세트의 크기가 클 경우 최적화를 위한 평가 과정이 줄어들어 속도가 빠르다.""
- 오히려 반대입니다. 대규모 데이터셋에서는 SVM의 계산 복잡도가 높아져 속도가 느려집니다.

2. 2번: ""다른 모형보다 과대적합에 강하다.""
- 맞습니다. SVM은 마진 최대화를 통해 일반화 성능이 좋고 과대적합에 강합니다.

3. 3번: ""비선형으로 분류되는 모형에 사용할 수 있다.""
- 맞습니다. 커널 트릭을 사용해 비선형 분류가 가능합니다.

4. 4번: ""서포트 벡터가 여러 개일 수 있다.""
- 맞습니다. 분류 경계면에 가까운 여러 데이터 포인트가 서포트 벡터가 될 수 있습니다.

따라서 정답은 1번입니다.

정답: 1",1
claude-3-5-haiku-20241022,./data/data_BDA.json,다음 중 k-평균 군집 알고리즘을 통해 k 값을 구하는 기법은 무엇인가?,"선택지:
1번 - k-Centroid 기법
2번 - 최장 연결법
3번 - 엘보우 기법
4번 - 역전파 알고리즘","이 문제를 단계별로 분석해보겠습니다:

1. k-평균 군집 알고리즘의 특성 이해:
- k-평균 알고리즘은 군집의 개수(k)를 사전에 정해야 하는 알고리즘입니다.
- 최적의 k 값을 찾는 것은 중요한 과제입니다.

2. 주어진 선택지 검토:
- k-Centroid 기법: 군집의 중심점을 찾는 방법으로, k 값 선택과는 직접적 관련 없음
- 최장 연결법: 계층적 군집화 방법으로, k 값 선택과 무관
- 엘보우 기법: k 값에 따른 군집화 성능을 시각화하여 최적의 k를 찾는 방법
- 역전파 알고리즘: 신경망 학습 알고리즘으로, k 값 선택과 무관

3. 결론:
- 엘보우 기법이 k-평균 군집 알고리즘의 최적 k 값을 구하는 대표적인 기법입니다.

따라서 정답은 3번 ""엘보우 기법""입니다.",3
claude-3-5-haiku-20241022,./data/data_BDA.json,다음 중 SVM 가우시안 커널(Gaussian Kernel)에 대한 설명으로 가장 옳지 않은 것은 무엇인가?,"선택지:
1번 - 비선형 데이터가 있는 경우에 일반적으로 활용된다.
2번 - 2차원의 점을 1차원의 점으로 변환한다.
3번 - 가장 많이 사용되는 커널이다.
4번 - 데이터에 대한 사전 지식이 없는 경우 적절하게 분리할 때 활용된다.","단계별로 생각해보겠습니다:

1. SVM 가우시안 커널(RBF 커널)의 특징 분석:
- 비선형 데이터를 다룰 수 있음
- 고차원 특징 공간으로 매핑할 수 있음
- 데이터의 분포에 대한 사전 지식이 없어도 적용 가능

2. 각 선택지 검토:
1번: ""비선형 데이터가 있는 경우에 일반적으로 활용된다."" - 맞는 설명
2번: ""2차원의 점을 1차원의 점으로 변환한다."" - 이 부분이 잘못됨
3번: ""가장 많이 사용되는 커널이다."" - 사실 맞는 설명
4번: ""데이터에 대한 사전 지식이 없는 경우 적절하게 분리할 때 활용된다."" - 맞는 설명

3. 결론:
2번 선택지가 가장 옳지 않은 설명입니다.

정답: 2",2
claude-3-5-haiku-20241022,./data/data_BDA.json,소프트맥스 함수에 대한 설명으로 가장 올바르지 않은 것은?,"선택지:
1번 - 출력값은 0에서 1 사이의 실수이다.
2번 - 분산 1이 된다.
3번 - 출력값을 확률로 해석할 수 있다.
4번 - 출력값의 총합이 1이 된다.","소프트맥스 함수에 대해 단계별로 분석해보겠습니다.

1. 소프트맥스 함수의 특징 검토:
- 입력된 벡터를 확률 분포로 변환하는 함수
- 다중 클래스 분류 문제에서 주로 사용됨

2. 각 선택지 검토:
1) ""출력값은 0에서 1 사이의 실수이다."" 
- 맞는 설명입니다. 소프트맥스 함수의 출력은 항상 0~1 사이입니다.

2) ""분산 1이 된다.""
- 이 설명은 소프트맥스 함수의 특징과 관련이 없습니다.
- 소프트맥스 함수는 분산과 직접적인 관계가 없습니다.

3) ""출력값을 확률로 해석할 수 있다.""
- 맞는 설명입니다. 출력값은 각 클래스에 속할 확률을 나타냅니다.

4) ""출력값의 총합이 1이 된다.""
- 맞는 설명입니다. 소프트맥스 함수의 출력값들의 합은 항상 1입니다.

3. 결론:
가장 올바르지 않은 설명은 ""분산 1이 된다.""입니다.

정답: 2번",2
claude-3-5-haiku-20241022,./data/data_BDA.json,다음 중 활성화 함수에 대한 설명으로 가장 알맞지 않은 것은 무엇인가?,"선택지:
1번 - 하이퍼볼릭 탄젠트는 -1에서 1의 값을 가진다.
2번 - 부호 함수는 임곗값을 기준으로 활성화 또는 비활성화가 된다.
3번 - ReLU 함수는 시그모이드의 기울기 소실 문제를 해결하였다.
4번 - 시그모이드 함수 입력값이 0일 때, 미분 값은 0.25이다.","이 문제를 단계별로 분석해보겠습니다.

1. 하이퍼볼릭 탄젠트(tanh) 함수:
- 범위는 -1에서 1 사이 ✓ (맞는 설명)

2. 부호 함수(Sign function):
- 임곗값을 기준으로 활성화/비활성화 ✓ (맞는 설명)

3. ReLU 함수:
- 시그모이드의 기울기 소실 문제 해결 ✓ (맞는 설명)

4. 시그모이드 함수의 미분값:
- 입력값이 0일 때 미분 값은 0.25가 아니라 0.25 * (1 - 0.25) = 0.1875입니다.

따라서 가장 알맞지 않은 설명은 ""4번: 시그모이드 함수 입력값이 0일 때, 미분 값은 0.25이다.""입니다.

정답은 4번입니다.",2
claude-3-5-haiku-20241022,./data/data_BDA.json,범주형 데이터를 분류할 수 없는 것은?,"선택지:
1번 - 인공신경망
2번 - 의사결정나무
3번 - 선형 회귀 분석
4번 - SVM","이 문제를 단계별로 해결해 보겠습니다.

1. 각 알고리즘의 특성을 분석하겠습니다:

- 인공신경망(Neural Network): 
  • 범주형 및 연속형 데이터 모두 분류 가능
  • 다층 퍼셉트론(MLP)으로 분류 문제 해결 가능

- 의사결정나무(Decision Tree):
  • 범주형 데이터 분류에 매우 적합
  • 명확한 분류 규칙 생성

- SVM(Support Vector Machine):
  • 범주형 데이터 분류에 효과적
  • 비선형 분류 가능

- 선형 회귀 분석:
  • 연속형 데이터 예측에 주로 사용
  • 범주형 데이터 분류에는 부적합

2. 결론:
범주형 데이터를 분류할 수 없는 알고리즘은 선형 회귀 분석입니다.

따라서 정답은 3번 ""선형 회귀 분석""입니다.",3
claude-3-5-haiku-20241022,./data/data_BDA.json,의사결정나무의 분석 과정으로 가장 알맞지 않은 것은?,"선택지:
1번 - 데이터의 분류 및 예측에 활용한다.
2번 - 부적절한 나뭇가지는 가지치기로 제거한다.
3번 - 분석의 목적과 자료 구조에 따라서 적절한 분리 기준으로 마지막 끝 마디까지 생성한다.
4번 - 이익, 위험, 비용 등을 고려하여 모형을 평가한다.","단계별로 의사결정나무의 분석 과정을 살펴보겠습니다.

1. 의사결정나무의 기본 특징 확인
- 의사결정나무는 데이터를 분류하고 예측하는 기계학습 방법입니다.
- 의사결정나무의 주요 분석 단계를 하나씩 검토해야 합니다.

2. 선택지 분석
1번: ""데이터의 분류 및 예측에 활용한다."" 
- 이는 의사결정나무의 핵심 기능입니다. (적절함)

2번: ""부적절한 나뭇가지는 가지치기로 제거한다.""
- 과적합을 방지하기 위해 불필요한 가지를 제거하는 것은 맞습니다. (적절함)

3번: ""분석의 목적과 자료 구조에 따라서 적절한 분리 기준으로 마지막 끝 마디까지 생성한다.""
- 의사결정나무의 표준적인 생성 과정입니다. (적절함)

4번: ""이익, 위험, 비용 등을 고려하여 모형을 평가한다.""
- 이는 의사결정나무의 표준 분석 과정에 직접적으로 포함되지 않습니다.

3. 결론
따라서, 의사결정나무의 분석 과정으로 가장 알맞지 않은 것은 4번입니다.

정답: 4",3
claude-3-5-haiku-20241022,./data/data_BDA.json,인공신경망에 대한 설명으로 가장 알맞지 않은 것은?,"선택지:
1번 - 인공신경망에서 역전파는 입력층(Input Layer)에서 출력층(Output Layer)까지 정보가 전달되는 과정이다.
2번 - 인공신경망은 입력값을 받아서 출력값을 만들기 위해 촬성화 함수를 사용한다.
3번 - 인공신경망은 사람 두뇌의 신경세포인 뉴런이 전기신호를 전달하는 모습을 모방한 기계학습 모델이다.
4번 - 활성화 함수는 순 입력함수로부터 전달받은 값을 출력값으로 변환해 주는 함수이다.","단계별로 해결해보겠습니다.

1. 각 선택지를 분석해보겠습니다.

선택지 1: ""역전파는 입력층에서 출력층까지 정보가 전달되는 과정이다""
- 이는 잘못된 설명입니다. 역전파(Backpropagation)는 출력층에서 입력층 방향으로 오차를 전달하며 가중치를 조정하는 과정입니다.

선택지 2: ""활성화 함수를 사용한다""
- 맞는 설명입니다. 활성화 함수는 인공신경망에서 중요한 역할을 합니다.

선택지 3: ""뉴런의 전기신호 전달 모습을 모방한 모델이다""
- 맞는 설명입니다. 인공신경망은 생물학적 신경망에서 영감을 받았습니다.

선택지 4: ""활성화 함수는 순 입력함수로부터 전달받은 값을 출력값으로 변환해 주는 함수이다""
- 맞는 설명입니다.

2. 분석 결과, 가장 알맞지 않은 설명은 선택지 1입니다.

정답: 1",1
claude-3-5-haiku-20241022,./data/data_BDA.json,활성화 함수 중 단층 신경망에서 해결할 수 없는 것은?,"선택지:
1번 - AND
2번 - OR
3번 - NOR
4번 - XOR","차근차근 생각해보겠습니다.

1. AND 연산:
- 단층 퍼셉트론으로 해결 가능
- 선형 분리가 가능한 문제

2. OR 연산:
- 단층 퍼셉트론으로 해결 가능
- 선형 분리가 가능한 문제

3. NOR 연산:
- 단층 퍼셉트론으로 해결 가능
- 선형 분리가 가능한 문제

4. XOR 연산:
- 단층 퍼셉트론으로는 해결 불가능
- 비선형 문제로 다층 신경망이 필요
- 선형 분리가 불가능한 문제

따라서 단층 신경망에서 해결할 수 없는 연산은 XOR입니다.

정답은 4번 XOR입니다.",4
claude-3-5-haiku-20241022,./data/data_BDA.json,로지스틱 회귀 모형에 대한 설명으로 옳은 것은?,"선택지:
1번 - 설명변수가 한 개인 경우 종형 그래프를 가진다.
2번 - 설명변수는 모두 연속형이어야 한다.
3번 - 연속형 반응변수에 대해서도 적용할 수 있다.
4번 - 분류의 목적으로 사용될 수 있다.","단계별로 로지스틱 회귀 모형의 특징을 분석해보겠습니다.

1. 첫 번째 선택지: ""설명변수가 한 개인 경우 종형 그래프를 가진다.""
- 로지스틱 회귀는 S자 형태의 곡선을 가지며, 종형 그래프가 아닙니다.

2. 두 번째 선택지: ""설명변수는 모두 연속형이어야 한다.""
- 로지스틱 회귀는 연속형, 범주형 변수 모두 사용 가능합니다.

3. 세 번째 선택지: ""연속형 반응변수에 대해서도 적용할 수 있다.""
- 로지스틱 회귀는 이산형, 범주형 반응변수에 적용됩니다.

4. 네 번째 선택지: ""분류의 목적으로 사용될 수 있다.""
- 로지스틱 회귀는 대표적인 분류 알고리즘입니다.

따라서 정답은 4번 ""분류의 목적으로 사용될 수 있다.""입니다.",4
claude-3-5-haiku-20241022,./data/data_BDA.json,딥러닝에 대한 설명으로 옳은 것은?,"선택지:
1번 - 오차역전파를 사용한다.
2번 - ReLU보다 Sigmoid를 사용한다.
3번 - 딥러닝은 각 은닉층의 가중치를 통해 모형의 결과를 해석하기 용이하다.
4번 - Dropout은 무작위 비율로 신경망을 제거한다.","단계별로 생각해보겠습니다.

1. 첫 번째 선택지: ""오차역전파를 사용한다.""
- 오차역전파(Backpropagation)는 딥러닝에서 매우 중요한 학습 알고리즘입니다.
- 신경망의 오차를 계산하고 가중치를 조정하는 핵심 방법입니다.
- 정확한 설명입니다.

2. 두 번째 선택지: ""ReLU보다 Sigmoid를 사용한다.""
- 현대 딥러닝에서는 ReLU(Rectified Linear Unit)가 Sigmoid보다 더 많이 사용됩니다.
- ReLU는 기울기 소실 문제를 덜 겪고 계산 속도가 빠릅니다.
- 틀린 설명입니다.

3. 세 번째 선택지: ""딥러닝은 각 은닉층의 가중치를 통해 모형의 결과를 해석하기 용이하다.""
- 딥러닝 모델은 매우 복잡하여 가중치 해석이 어렵습니다.
- 블랙박스 모델로 알려져 있어 해석성이 낮습니다.
- 틀린 설명입니다.

4. 네 번째 선택지: ""Dropout은 무작위 비율로 신경망을 제거한다.""
- Dropout은 과적합을 방지하기 위해 학습 중 일부 뉴런을 무작위로 제거하는 기법입니다.
- 정확한 설명입니다.

따라",1
claude-3-5-haiku-20241022,./data/data_BDA.json,PCA에 대한 설명으로 옳지 않은 것은?,"선택지:
1번 - 차원 축소는 고윳값이 낮은 순으로 정렬해서, 높은 고윳값을 가진 고유벡터만으로 데이터를 복원한다.
2번 - 변동 폭이 작은 축을 선택한다.
3번 - 축들은 서로 직교되어 있다.
4번 - 주성분은 상관성이 높은 변수들을 요약, 축소하는 기법이다.","단계별로 생각해보겠습니다.

1. PCA(주성분 분석)의 기본 원리 확인:
- 고차원 데이터의 분산을 최대한 보존하면서 차원을 축소하는 기법
- 주성분들은 서로 직교하고, 데이터의 분산을 가장 잘 설명하는 축들을 찾음

2. 각 선택지 검토:
① 차원 축소는 고윳값이 높은 순으로 정렬해서, 높은 고윳값을 가진 고유벡터만으로 데이터를 복원한다.
- 이는 틀린 설명. 실제로는 고윳값이 높은 순으로 선택함

② 변동 폭이 작은 축을 선택한다.
- 이는 틀린 설명. 변동 폭이 큰 축을 선택함

③ 축들은 서로 직교되어 있다.
- 맞는 설명

④ 주성분은 상관성이 높은 변수들을 요약, 축소하는 기법이다.
- 맞는 설명

3. 결론:
옳지 않은 설명은 ①, ②번입니다. 그 중 문제에서 요구하는 것은 ②번입니다.

정답은 2번: 변동 폭이 작은 축을 선택한다.",2
claude-3-5-haiku-20241022,./data/data_BDA.json,"CNN에서 원본 이미지가 5X5에서 Stride가 1이고, 필터가 3X3일 때 Feature Map은 무엇인가?","선택지:
1번 - (1,1)
2번 - (2,2)
3번 - (3,3)
4번 - (4,4)","단계별로 풀이하겠습니다.

1. 이미지 크기: 5x5
2. 필터 크기: 3x3
3. Stride: 1

공식: Output Size = (Input Size - Filter Size) / Stride + 1
      = (5 - 3) / 1 + 1
      = 2 + 1
      = 3

따라서 Feature Map의 크기는 3x3입니다.

3x3에 해당하는 선택지는 (3,3)입니다.

정답은 (3,3)입니다.",3
claude-3-5-haiku-20241022,./data/data_BDA.json,랜덤 포레스트에 대한 설명으로 적절하지 않은 것은?,"선택지:
1번 - 훈련을 통해 구성해놓은 다수의 나무들로부터 투표를 통해 분류 결과를 도출한다.
2번 - 분류기를 여러 개 쓸수록 성능이 좋아진다.
3번 - 트리의 수가 많아지면 Overfit 된다.
4번 - 여러 개의 의사결정 트리가 모여서 랜덤 포레스트 구조가 된다.","이 문제를 단계별로 분석해보겠습니다.

1. 랜덤 포레스트의 기본 특징 검토:
- 랜덤 포레스트는 다수의 의사결정 트리로 구성된 앙상블 알고리즘입니다.
- 각 트리의 투표를 통해 최종 분류 결과를 결정합니다.

2. 선택지 분석:
1번: ""훈련을 통해 구성해놓은 다수의 나무들로부터 투표를 통해 분류 결과를 도출한다.""
- ✓ 맞는 설명입니다.

2번: ""분류기를 여러 개 쓸수록 성능이 좋아진다.""
- ✗ 항상 그렇지는 않습니다. 일정 수 이상에서는 성능 개선 효과가 미미해집니다.

3번: ""트리의 수가 많아지면 Overfit 된다.""
- ✗ 오히려 트리 수가 많아지면 과적합 위험이 줄어듭니다.

4번: ""여러 개의 의사결정 트리가 모여서 랜덤 포레스트 구조가 된다.""
- ✓ 맞는 설명입니다.

3. 결론:
적절하지 않은 설명은 2번과 3번인데, 문제에서 하나만 선택해야 하므로 3번 ""트리의 수가 많아지면 Overfit 된다""가 가장 부적절합니다.

정답: 3번",3
claude-3-5-haiku-20241022,./data/data_BDA.json,"다음 중 훈련 데이터에서 다수의 부트스트랩(Bootstrap)자료를 생성하고, 각 자료를 모델링한 후 결합하여 최종 예측 모형을 만드는 앙상블 기법으로 가장 알맞은 것은?","선택지:
1번 - 배깅
2번 - 부스팅
3번 - 보팅
4번 - 의사결정나무","이 문제를 단계별로 분석해 보겠습니다.

1. 부트스트랩(Bootstrap) 샘플링의 특징
- 원본 데이터에서 복원추출을 통해 여러 개의 서로 다른 데이터 세트를 만드는 방법

2. 각 선택지의 특징 검토
- 배깅(Bagging): 부트스트랩 샘플링을 사용하여 여러 모델을 독립적으로 훈련시키고 결합하는 방법
- 부스팅: 순차적으로 약한 학습기를 결합하는 방법
- 보팅: 다수결 원칙으로 최종 예측을 결정하는 방법
- 의사결정나무: 개별 알고리즘으로, 부트스트랩 샘플링과 직접적인 연관이 없음

3. 문제의 핵심 조건
- 부트스트랩 샘플링 사용
- 다수의 모델 생성
- 최종 예측 모형 결합

4. 결론
위 조건에 가장 잘 부합하는 방법은 '배깅'입니다.

정답: 1. 배깅",1
claude-3-5-haiku-20241022,./data/data_BDA.json,다음 중 은닉층이 순환적으로 연결된 것은 무엇인가?,"선택지:
1번 - CNN
2번 - ANN
3번 - RNN
4번 - DNN","단계별로 신경망의 특성을 분석해보겠습니다.

1. CNN (Convolutional Neural Network)
- 합성곱 신경망
- 이미지 처리에 주로 사용
- 순환적 연결 없음

2. ANN (Artificial Neural Network)
- 기본적인 인공신경망
- 순방향 네트워크
- 순환적 연결 없음

3. RNN (Recurrent Neural Network)
- 순환 신경망
- 은닉층이 순환적으로 연결됨
- 시퀀스 데이터 처리에 적합
- 이전 상태를 다음 상태에 반영

4. DNN (Deep Neural Network)
- 다층 신경망
- 순환적 연결 없음
- 깊은 층을 가진 신경망

따라서 은닉층이 순환적으로 연결된 신경망은 RNN입니다.

정답: 3. RNN",3
claude-3-5-haiku-20241022,./data/data_BDA.json,다음 중 심층신경망에 대한 설명으로 가장 알맞지 않은 것은 무엇인가?,"선택지:
1번 - 은닉층이 1개 존재한다.
2번 - 오차 역전파를 사용한다.
3번 - 시그모이드는 오차 역전파로 결과 해석이 어렵다.
4번 - 은닉층(Hidden Layer)를 심층(Deep)으로 구성한다.","답을 고르기 위해 단계별로 분석해보겠습니다.

1. 심층신경망(Deep Neural Network)의 특징 점검:
- 은닉층 개수: 여러 개의 은닉층을 가질 수 있음
- 오차 역전파: 대부분의 신경망에서 사용하는 학습 알고리즘
- 활성화 함수: 시그모이드는 기울기 소실 문제가 있음

2. 각 선택지 검토:
① ""은닉층이 1개 존재한다."" → 심층신경망은 여러 개의 은닉층을 가짐
② ""오차 역전파를 사용한다."" → 맞는 설명
③ ""시그모이드는 오차 역전파로 결과 해석이 어렵다."" → 부분적으로 맞는 설명
④ ""은닉층(Hidden Layer)를 심층(Deep)으로 구성한다."" → 맞는 설명

3. 결론:
가장 알맞지 않은 것은 ①번입니다.

정답은 ①번 ""은닉층이 1개 존재한다.""입니다.",1
claude-3-5-haiku-20241022,./data/data_BDA.json,배깅에 대한 설명으로 알맞지 않은 것은?,"선택지:
1번 - 편향이 낮은 과소적합 모델에 효과적이다.
2번 - 편향이 높은 과대적합 모델에 효과적이다.
3번 - 훈련 데이터에서 다수의 부트스트랩 자료를 생성하고 각 부트스트랩 자료를 결합하여 최종 예측 모형을 만드는 알고리즘이다.
4번 - 가중치를 활용하여 약 분류기를 강 분류기로 만드는 방법이다.","단계별로 생각해보겠습니다.

1. 배깅(Bagging, Bootstrap Aggregating)의 특징을 먼저 정리하겠습니다:
- 부트스트랩 샘플링을 통해 다수의 훈련 데이터셋을 생성
- 각 데이터셋으로 개별 모델을 훈련
- 최종 예측은 개별 모델들의 투표나 평균으로 결정

2. 각 선택지를 분석해보겠습니다:
1) ""편향이 낮은 과소적합 모델에 효과적이다"" - 부정확
2) ""편향이 높은 과대적합 모델에 효과적이다"" - 부정확
3) ""훈련 데이터에서 다수의 부트스트랩 자료를 생성하고 각 부트스트랩 자료를 결합하여 최종 예측 모형을 만드는 알고리즘이다"" - 정확
4) ""가중치를 활용하여 약 분류기를 강 분류기로 만드는 방법이다"" - 부정확 (이는 부스팅의 특징)

3. 결론: 2번이 알맞지 않은 설명입니다.

정답: 2",4
claude-3-5-haiku-20241022,./data/data_BDA.json,차원 축소 기법인 PCA(Principal Component Analysis)에 대한 설명으로 가장 올바르지 않은 것은?,"선택지:
1번 - 선형 결합한다.
2번 - 변동이 큰 축을 기준으로 한 차원씩 선택한다.
3번 - 이산형 변수에 사용할 수 있다.
4번 - 차원 축소를 통해 원본 데이터를 직관적으로 파악할 수 있다.","단계별로 문제를 분석해보겠습니다.

1. PCA(주성분 분석)의 기본 특징 검토:
- 고차원 데이터의 차원을 축소하는 기법
- 데이터의 분산을 최대한 보존하는 방향으로 차원을 축소함
- 주로 연속형 변수에 적용됨

2. 각 선택지 분석:
1) ""선형 결합한다"" - 맞습니다. PCA는 원본 변수들의 선형 결합으로 새로운 주성분을 만듭니다.
2) ""변동이 큰 축을 기준으로 한 차원씩 선택한다"" - 맞습니다. 분산이 큰 방향을 주성분으로 선택합니다.
3) ""이산형 변수에 사용할 수 있다"" - 부정확합니다. PCA는 주로 연속형 변수에 적용됩니다.
4) ""차원 축소를 통해 원본 데이터를 직관적으로 파악할 수 있다"" - 맞습니다.

3. 결론:
3번 ""이산형 변수에 사용할 수 있다""가 가장 올바르지 않은 설명입니다.

정답: 3",4
claude-3-5-haiku-20241022,./data/data_BDA.json,주성분 분석에 대한 설명으로 옳지 않은 것은?,"선택지:
1번 - 주성분 분석은 서로 상관성이 높은 변수들의 선형 결합으로 만들어 기존의 상관성이 높은 변수들을 요약, 축소하는 기법이다.
2번 - 분산이 가장 작은 것을 제1 주성분으로 한다.
3번 - 주성분 분석은 고윳값, 고유벡터를 통해 분석한다.
4번 - 주성분 분석의 목적 중 하나는 데이터를 이해하기 위한 차원 축소이다.","이 문제를 단계별로 분석해보겠습니다.

1. 주성분 분석(PCA)의 기본 원리 검토:
- 상관성 높은 변수들을 선형 결합으로 축소하는 기법
- 고윳값과 고유벡터를 사용해 분석
- 차원 축소가 주요 목적 중 하나

2. 각 선택지 검토:
• 1번: 상관성 높은 변수들의 선형 결합으로 요약, 축소 - 맞는 설명
• 2번: ""분산이 가장 작은 것을 제1 주성분으로 한다"" - 이 부분이 잘못됨
• 3번: 고윳값, 고유벡터를 통해 분석 - 맞는 설명
• 4번: 데이터 이해를 위한 차원 축소 - 맞는 설명

3. 정답 판단:
주성분 분석에서는 분산이 가장 큰 방향을 제1 주성분으로 선택합니다.
따라서 2번 선택지가 옳지 않은 설명입니다.

정답은 2번입니다.",2
claude-3-5-haiku-20241022,./data/data_BDA.json,다음 중 앙상블에서 베이스 모형의 독립성을 최적화하기 위한 방법으로 가장 알맞지 않은 것은?,"선택지:
1번 - 입력변수를 다양하게 한다.
2번 - 테스트 데이터를 다르게 한다.
3번 - 서로 다른 알고리즘을 사용한다.
4번 - 초매개변수를 다양하게 한다.","이 문제를 단계별로 분석해보겠습니다.

1. 앙상블 학습의 기본 원리:
- 앙상블 학습은 여러 개의 모델을 결합하여 더 나은 예측 성능을 얻는 방법입니다.
- 베이스 모형들의 독립성이 높을수록 앙상블의 성능이 좋아집니다.

2. 베이스 모형의 독립성을 높이는 방법:
- 입력변수를 다양하게 한다. (O)
- 서로 다른 알고리즘을 사용한다. (O)
- 테스트 데이터를 다르게 한다. (O)

3. 초매개변수 다양화의 의미:
- 초매개변수를 다양하게 하는 것은 독립성과 직접적인 연관이 적습니다.
- 같은 알고리즘 내에서 파라미터만 변경하는 것은 모델 다양성을 크게 높이지 않습니다.

4. 결론:
- 가장 알맞지 않은 방법은 ""초매개변수를 다양하게 한다""입니다.

정답은 4번입니다.",2
claude-3-5-haiku-20241022,./data/data_BDA.json,다음 중 순환 신경망(RNN)에서 발생하는 GV(기울기 소실) GE(기울기 폭발)에 대한 설명으로 가장 알맞은 것은?,"선택지:
1번 - 기울기 클리핑(Gradient Clipping)은 기울기 소실을 막기 위해 기울기 값을 자르는 방법이다.
2번 - 기울기 소실이란 오차역전파 과정에서 입력층으로 갈수록 가중치에 따른 결괏값의 기울기가 작아져 0에 수렴하는 문제이다.
3번 - RNN은 LSTM(Long Short Term Memory)의 장기의존성 문제를 보완하기 위한 알고리즘이다.
4번 - 순환 신경망은 입력 게이트, 망각 게이트, 출력 게이트로 구성된다.","단계별로 풀이해보겠습니다.

1. 각 선택지 분석
• 1번: 기울기 클리핑에 대한 설명
• 2번: 기울기 소실에 대한 정확한 설명
• 3번: RNN과 LSTM에 대한 잘못된 설명
• 4번: LSTM의 게이트 구조에 대한 설명

2. 기울기 소실/폭발 문제 검토
• 기울기 소실은 역전파 과정에서 기울기 값이 점점 작아져 0에 수렴하는 현상
• 깊은 신경망에서 발생하는 대표적인 문제

3. 각 선택지 평가
• 1번: 기울기 클리핑은 기울기 폭발을 막기 위한 방법
• 2번: 기울기 소실에 대한 정확하고 명확한 정의
• 3번과 4번: 부정확한 설명

4. 결론
정답은 2번입니다.

정답: 2",2
claude-3-5-haiku-20241022,./data/data_BDA.json,오토인코더에 대한 설명으로 가장 알맞지 않은 것은?,"선택지:
1번 - 비지도학습 신경망이다.
2번 - 인코더는 차원 축소의 역할을 한다.
3번 - 입력층 노드 개수는 출력층 노드 개수보다 커야한다.
4번 - 인코드 입력 노드 개수는 디코드 출력 노드 개수와 동일하다.","단계별로 생각해보겠습니다.

1. 오토인코더의 기본 특징 분석
- 비지도학습 신경망 구조
- 입력 데이터를 압축하고 재구성하는 목적

2. 각 선택지 검토
① ""비지도학습 신경망이다.""
- 오토인코더는 비지도학습 방식 O

② ""인코더는 차원 축소의 역할을 한다.""
- 인코더는 입력 데이터를 저차원 표현으로 압축 O

③ ""입력층 노드 개수는 출력층 노드 개수보다 커야한다.""
- 입력층과 출력층의 노드 수는 동일해야 함 X

④ ""인코드 입력 노드 개수는 디코드 출력 노드 개수와 동일하다.""
- 인코더 입력과 디코더 출력의 노드 수는 동일 O

3. 결론
가장 알맞지 않은 것은 ③번입니다.

정답: 3",3
claude-3-5-haiku-20241022,./data/data_BDA.json,주성분 분석(PCA)에 대한 설명으로 옳지 않은 것은?,"선택지:
1번 - 대표적인 차원 축소 방법이다.
2번 - 고윳값 분해와 특이값 분해 등의 수학적 행렬 분해를 이용한다.
3번 - 고차원 데이터를 저차원 데이터로 직교 변환한다.
4번 - 원본 비음수 행렬은 비음수 행렬의 곱으로 표현한다.","주성분 분석(PCA)에 대한 설명을 단계별로 분석해보겠습니다.

1. 첫 번째 선택지: ""대표적인 차원 축소 방법이다.""
- 맞습니다. PCA는 고차원 데이터를 저차원으로 압축하는 대표적인 차원 축소 기법입니다.

2. 두 번째 선택지: ""고윳값 분해와 특이값 분해 등의 수학적 행렬 분해를 이용한다.""
- 맞습니다. PCA는 보통 고윳값 분해를 통해 주성분을 찾습니다.

3. 세 번째 선택지: ""고차원 데이터를 저차원 데이터로 직교 변환한다.""
- 맞습니다. PCA의 핵심 원리는 데이터를 직교 변환하여 분산을 최대화하는 것입니다.

4. 네 번째 선택지: ""원본 비음수 행렬은 비음수 행렬의 곱으로 표현한다.""
- 이 설명은 PCA와 관련이 없으며, 오히려 NMF(Non-negative Matrix Factorization)에 해당하는 설명입니다.

따라서 정답은 4번입니다.",4
claude-3-5-haiku-20241022,./data/data_BDA.json,다음 중 RNN의 장기 의존성 문제를 해결하였으며 리셋 게이트와 업데이트 게이트로 구성된 모형은 무엇인가?,"선택지:
1번 - 단방향 RNN
2번 - 양방향 RNN
3번 - LSTM
4번 - GRU","이 문제를 단계별로 풀이하겠습니다.

1. 문제 분석
- RNN의 장기 의존성 문제를 해결한 모델
- 리셋 게이트와 업데이트 게이트 포함

2. 각 선택지 검토
- 단방향 RNN: 장기 의존성 문제 있음
- 양방향 RNN: 양쪽 방향 정보 활용하지만 장기 의존성 해결 X
- LSTM: 장기 의존성 해결, 게이트 구조 있음
- GRU: 장기 의존성 해결, 리셋/업데이트 게이트 존재

3. 정답 판단
- GRU가 문제의 모든 조건을 만족함
- 리셋 게이트와 업데이트 게이트로 구성
- 장기 의존성 문제 해결

4. 최종 답
정답은 4번 GRU입니다.",4
claude-3-5-haiku-20241022,./data/data_BDA.json,다음 중 자연어 처리(NLP) 기법으로 가장 적합하지 않은 것은?,"선택지:
1번 - ELMo
2번 - GPT
3번 - BERT
4번 - YOLO","단계별로 생각해보겠습니다:

1. 자연어 처리(NLP) 기법의 특징 확인
- NLP는 텍스트 데이터를 이해하고 처리하는 기술입니다.
- 주로 언어 모델, 문장 임베딩, 텍스트 분류 등에 사용됩니다.

2. 주어진 선택지 분석
- ELMo: 문맥을 고려한 단어 임베딩 기법 (NLP)
- GPT: 생성형 사전 학습 언어 모델 (NLP)
- BERT: 양방향 문맥 이해 언어 모델 (NLP)
- YOLO: 객체 탐지 알고리즘 (컴퓨터 비전)

3. 판단
- YOLO는 이미지 처리 기술로 NLP와 무관합니다.

4. 결론
정답은 4번 YOLO입니다.",4
claude-3-5-haiku-20241022,./data/data_BDA.json,딥러닝의 트랜스포머(Transformer)의 구성요소로 가장 알맞지 않은 것은?,"선택지:
1번 - 망각 게이트
2번 - 셀프 어텐션
3번 - 멀티헤드 셀프 어텐션
4번 - 포지셔널 인코딩","단계별 해결 과정:

1. 트랜스포머 구조 이해
- 트랜스포머는 자연어 처리 분야에서 혁신적인 신경망 구조
- 기존 RNN, LSTM의 한계를 극복한 모델

2. 트랜스포머의 주요 구성요소 분석
- 셀프 어텐션: 입력 시퀀스 내 단어들 간의 관계 학습
- 멀티헤드 셀프 어텐션: 다양한 관점에서 어텐션 수행
- 포지셔널 인코딩: 시퀀스의 순서 정보 반영
- 망각 게이트: 이는 LSTM의 특징이며 트랜스포머의 기본 구성요소가 아님

3. 정답 선택
- 가장 알맞지 않은 구성요소는 ""망각 게이트""

따라서 정답은 1번 ""망각 게이트""입니다.",1
claude-3-5-haiku-20241022,./data/data_BDA.json,다음 중 부스팅에 대한 설명으로 가장 옳지 않은 것은?,"선택지:
1번 - 예측력이 약한 모형들을 결합하여 강한 예측 모형을 만드는 방법이다.
2번 - 잘못 분류된 개체들에 가중치를 적용, 새로운 분류 규칙을 만들고, 이 과정을 반복해 최종 모형을 만드는 알고리즘이다.
3번 - 학습 데이터를 병렬적으로 학습하며 잘못 분류된 데이터에 가중치를 부여한다.
4번 - 일반적으로 보팅(Voting)을 통하여 결과를 예측한다.","이 문제를 단계별로 분석해보겠습니다.

1. 부스팅의 기본 개념 검토
- 부스팅은 약한 학습기(weak learner)들을 순차적으로 결합하여 강한 학습기를 만드는 앙상블 방법입니다.

2. 각 선택지 분석
1번: 예측력이 약한 모형들을 결합하여 강한 예측 모형을 만드는 방법 - 정확함
2번: 잘못 분류된 개체들에 가중치를 적용하고 새로운 분류 규칙을 만드는 과정 반복 - 정확함
3번: 학습 데이터를 병렬적으로 학습한다는 점이 잘못됨 - 부스팅은 순차적(sequential) 학습
4번: 보팅이 아니라 가중치 기반 학습을 수행함

3. 결론
- 3번 선택지가 부스팅의 특성과 가장 맞지 않습니다.

따라서 정답은 3번입니다.",3
claude-3-5-haiku-20241022,./data/data_BDA.json,다음 중 랜덤 포레스트에 대한 설명으로 가장 옳지 않은 것은?,"선택지:
1번 - 배깅을 이용한 알고리즘의 하나이다.
2번 - 무작위성을 주어 약한 학습기들을 생성한 후 이를 선형 결합하여 최종 학습기를 만드는 방법이다.
3번 - 부트스트랩을 통해 조금씩 다른 훈련 데이터에 대해 훈련된 기초 분류기들을 결합시키는 방법을 사용한다.
4번 - 기본적으로 모든 데이터를 이용하여 학습한다.","이 문제를 단계별로 분석해보겠습니다.

1. 랜덤 포레스트의 특징 검토:
- 배깅(Bagging) 기법을 사용하는 앙상블 알고리즘
- 다수의 결정트리를 생성하고 그 결과를 결합
- 부트스트랩 샘플링을 통해 다양한 데이터 부분집합 생성

2. 각 선택지 검토:
1번: ""배깅을 이용한 알고리즘"" - 맞는 설명
2번: ""무작위성을 주어 약한 학습기들을 선형 결합"" - 대체로 맞는 설명
3번: ""부트스트랩을 통해 조금씩 다른 훈련 데이터에 대해 훈련된 기초 분류기들을 결합"" - 맞는 설명
4번: ""기본적으로 모든 데이터를 이용하여 학습한다"" - 잘못된 설명

3. 랜덤 포레스트의 핵심 특징:
- 모든 데이터가 아니라 부트스트랩 샘플링된 일부 데이터로 학습
- 무작위로 선택된 특징들로 트리 생성

따라서 정답은 4번입니다.",4
claude-3-5-haiku-20241022,./data/data_BDA.json,다음 중 가중치를 부여하는 앙상블 기법으로 가장 적합한 것은?,"선택지:
1번 - 배깅
2번 - 부스팅
3번 - 보팅
4번 - 가지치기","이 문제를 단계별로 분석해보겠습니다:

1. 가중치 부여 기법의 특징 이해:
- 가중치를 부여한다는 것은 각 모델이나 예측에 다른 중요도를 부여한다는 의미입니다.

2. 제시된 앙상블 기법 분석:
- 배깅(Bagging): 부트스트랩 샘플링을 통해 병렬적으로 모델을 학습, 가중치 부여 없음
- 부스팅(Boosting): 순차적으로 약한 학습기에 가중치를 부여하며 학습
- 보팅(Voting): 단순 다수결 방식, 가중치 부여 없음
- 가지치기: 결정트리의 복잡도를 줄이는 기법, 앙상블 기법과는 거리가 멈

3. 결론:
- 가중치를 부여하는 앙상블 기법은 '부스팅'입니다.

따라서 정답은 2번 '부스팅'입니다.",2
claude-3-5-haiku-20241022,./data/data_BDA.json,다음 중 경사 하강법과 관련된 알고리즘으로 옳지 않은 것은?,"선택지:
1번 - Adaboost
2번 - RMSProp
3번 - Adagrad
4번 - Nesterov Momentum","단계별로 생각해보겠습니다:

1. 경사 하강법 최적화 알고리즘의 특징 이해
- 경사 하강법은 손실 함수의 기울기를 최소화하는 방향으로 파라미터를 조정하는 최적화 알고리즘입니다.

2. 각 알고리즘의 특성 분석
- RMSProp: 학습률을 동적으로 조정하는 경사 하강법 알고리즘
- Adagrad: 각 파라미터의 학습률을 적응적으로 조정하는 알고리즘
- Nesterov Momentum: 경사 하강법의 가속화된 버전
- Adaboost: 앙상블 학습 알고리즘으로, 경사 하강법과는 다른 개념

3. 결론
- Adaboost는 경사 하강법 알고리즘이 아니라 분류기 앙상블 방법입니다.

따라서 정답은 1번 Adaboost입니다.",1
claude-3-5-haiku-20241022,./data/data_BDA.json,다음 중 과대 적합 방지 기법이 아닌 것은?,"선택지:
1번 - 정규화(Regularization)
2번 - Dropout
3번 - 배치 정규화(Batch Normalization)
4번 - Max Pooling","이 문제를 단계별로 해결해 보겠습니다.

1. 과대 적합(Overfitting) 방지 기법 확인
- 정규화(Regularization): 과대 적합을 막기 위해 모델의 복잡도를 제한하는 기법
- Dropout: 일부 뉴런을 무작위로 제거해 모델의 일반화 성능을 높이는 기법
- 배치 정규화(Batch Normalization): 각 레이어의 입력 분포를 안정화하여 학습 성능 개선
- Max Pooling: 주로 이미지 특징 추출에 사용되는 기법

2. 과대 적합 방지 기법인지 분석
- 정규화: O (과대 적합 방지)
- Dropout: O (과대 적합 방지)
- 배치 정규화: O (과대 적합 방지)
- Max Pooling: 과대 적합 방지와 직접적인 연관이 없음

3. 결론
정답은 4번 Max Pooling입니다.",4
claude-3-5-haiku-20241022,./data/data_BDA.json,다음 중 인공신경망에서 드롭아웃(Dropout)과 같은 효과를 나타내는 것은 무엇인가?,"선택지:
1번 - 학습률 조정
2번 - 활성화 함수 변경
3번 - 은닉층 수 감소
4번 - 부스팅","단계별로 생각해보겠습니다.

1. 드롭아웃(Dropout)의 핵심 특징:
- 신경망 학습 중 일부 뉴런을 임의로 비활성화
- 과적합(Overfitting) 방지
- 앙상블 효과와 유사한 일반화 성능 개선

2. 각 선택지 분석:
- 학습률 조정: 학습 속도에 영향, 드롭아웃과 직접적 관련 없음
- 활성화 함수 변경: 뉴런의 출력 특성 변경, 드롭아웃과 무관
- 은닉층 수 감소: 모델 복잡도 감소, 드롭아웃과 다른 메커니즘
- 부스팅: 여러 약한 학습기를 결합해 강한 학습기 만드는 방법

3. 결론:
부스팅은 드롭아웃과 유사하게 과적합 방지와 일반화 성능 개선에 기여

따라서 정답은 4번 ""부스팅""입니다.",3
claude-3-5-haiku-20241022,./data/data_BDA.json,다음 중 과대 적합에 대한 설명으로 올바르지 않은 것은?,"선택지:
1번 - 데이터 수를 늘리게 되면 과대 적합 상태가 된다.
2번 - 과대 적합은 학습 데이터와 검증 데이터 간 성능 차이가 크다.
3번 - 과대 적합, 과소 적합 모두 모델과의 일반화 능력을 저하시켜 균형을 찾는 것이 중요하다.
4번 - 학습 데이터에 적합하게 학습되어 학습 데이터에 대한 성능은 우수하지만, 검증 데이터에 대한 성능은 저하되는 현상이다.","이 문제를 단계별로 분석해보겠습니다.

1. 첫 번째 선택지: ""데이터 수를 늘리게 되면 과대 적합 상태가 된다.""
- 이는 잘못된 설명입니다. 오히려 데이터 수를 늘리면 과대 적합을 감소시킬 수 있습니다.

2. 두 번째 선택지: ""과대 적합은 학습 데이터와 검증 데이터 간 성능 차이가 크다.""
- 이는 맞는 설명입니다.

3. 세 번째 선택지: ""과대 적합, 과소 적합 모두 모델과의 일반화 능력을 저하시켜 균형을 찾는 것이 중요하다.""
- 이도 맞는 설명입니다.

4. 네 번째 선택지: ""학습 데이터에 적합하게 학습되어 학습 데이터에 대한 성능은 우수하지만, 검증 데이터에 대한 성능은 저하되는 현상이다.""
- 이 설명도 과대 적합을 정확히 설명하고 있습니다.

따라서 올바르지 않은 설명은 첫 번째 선택지입니다.

정답은 1번입니다.",1
claude-3-5-haiku-20241022,./data/data_BDA.json,원-핫 인코딩에 대한 설명으로 옳지 않은 것은?,"선택지:
1번 - 텍스트 단어에 대해서 벡터를 생성할 수 있다.
2번 - 서로 다른 단어에 대한 내적은 0이다.
3번 - 저장 공간이 효율적이다.
4번 - 원-핫 인코딩은 이산형 벡터이다.","단계별로 생각해보겠습니다.

1. 원-핫 인코딩의 기본 특징 검토:
- 텍스트 단어에 대한 벡터 생성 가능: ✓ 맞음
- 이산형 벡터: ✓ 맞음
- 서로 다른 단어 벡터의 내적: 0이 됨 ✓ 맞음

2. 저장 공간 효율성 분석:
- 원-핫 인코딩은 단어 개수만큼의 0과 1로 구성된 벡터
- 단어 수가 많아지면 벡터 크기가 매우 커짐
- 대부분의 원소가 0이므로 메모리 비효율적

3. 결론:
저장 공간 측면에서 원-핫 인코딩은 비효율적입니다.

따라서 ""저장 공간이 효율적이다""라는 문장은 옳지 않습니다.

정답은 3번: ""저장 공간이 효율적이다""",3
claude-3-5-haiku-20241022,./data/data_BDA.json,K-Fold에 대한 설명으로 옳지 않은 것은?,"선택지:
1번 - 데이터를 K개로 나눈다.
2번 - 1개는 학습용 데이터, (K-1)개는 검증용 데이터로 사용한다.
3번 - K번 반복 수행한다.
4번 - 결과를 K에 다수결 또는 평균으로 분석한다.","단계별로 생각해보겠습니다:

1. K-Fold 교차 검증의 기본 원리 이해
- 전체 데이터를 K개의 동일한 크기의 부분집합으로 나눕니다.
- 각 반복마다 1개의 부분집합은 검증 데이터, 나머지는 학습 데이터로 사용합니다.

2. 각 선택지 검토
- 첫 번째 선택지: ""데이터를 K개로 나눈다."" - 맞습니다.
- 두 번째 선택지: ""1개는 학습용 데이터, (K-1)개는 검증용 데이터로 사용한다."" - 이 부분은 잘못되었습니다.
  실제로는 1개는 검증용, (K-1)개는 학습용 데이터입니다.
- 세 번째 선택지: ""K번 반복 수행한다."" - 맞습니다.
- 네 번째 선택지: ""결과를 K에 다수결 또는 평균으로 분석한다."" - 맞습니다.

3. 결론
잘못된 설명은 두 번째 선택지입니다.

정답은 2번입니다.",2
claude-3-5-haiku-20241022,./data/data_BDA.json,"재현율(Recall)이 60%, 정밀도(Precision)가 40%일 때, F1-Score는 어떻게 되는가?","선택지:
1번 - 40%
2번 - 48%
3번 - 50%
4번 - 60%","단계별로 풀이해보겠습니다.

1. F1-Score 계산 공식 상기
- F1-Score = 2 * (Precision * Recall) / (Precision + Recall)

2. 주어진 값 대입
- Precision(정밀도) = 40%
- Recall(재현율) = 60%

3. 계산 수행
F1-Score = 2 * (0.4 * 0.6) / (0.4 + 0.6)
          = 2 * 0.24 / 1.0
          = 0.48
          = 48%

4. 선택지 확인
- 계산 결과 48%는 주어진 선택지 중 '48%'와 일치합니다.

5. 최종 답
정답은 2번 '48%'입니다.",2
claude-3-5-haiku-20241022,./data/data_exq.json,계층적 군집 방법이 아닌 것은?,"선택지:
1번 - 단일 연결법 (Single Linkage)
2번 - 완전 연결법 (Complete Linkage)
3번 - 평균 연결법 (Average Linkage)
4번 - K-평균 군집화 (K-means Clustering)","문제 해결을 위해 단계별로 접근하겠습니다:

1. 계층적 군집 방법의 특징:
- 데이터 포인트들을 순차적으로 병합하거나 분할
- 덴드로그램(트리 구조)을 통해 군집 구조 시각화
- 군집 간 거리 측정 방식에 따라 여러 방법 존재

2. 계층적 군집 방법의 종류:
- 단일 연결법: 두 군집 사이의 최단 거리 기준
- 완전 연결법: 두 군집 사이의 최대 거리 기준
- 평균 연결법: 두 군집의 평균 거리 기준

3. K-평균 군집화의 특징:
- 비계층적 군집 방법
- 사전에 군집 수(K)를 정해야 함
- 중심점 기반의 반복적 군집화 알고리즘

4. 결론:
K-평균 군집화는 계층적 군집 방법이 아닙니다.

정답: 4. K-평균 군집화 (K-means Clustering)",4
claude-3-5-haiku-20241022,./data/data_exq.json,K-means 군집분석의 설명에 대해 옳은 것은?,"선택지:
1번 - 초기 중심점 선택에 따라 결과가 달라질 수 있다.
2번 - 이상치에 민감하지 않다.
3번 - 범주형 변수에 대해 직접 적용이 가능하다.
4번 - 군집의 개수 K를 사전에 지정할 필요가 없다.","단계별로 K-means 군집분석의 특징을 분석해보겠습니다.

1. 초기 중심점 선택:
- K-means는 무작위로 초기 중심점을 선택하므로
- 초기 중심점에 따라 최종 군집 결과가 달라질 수 있음

2. 이상치 민감도:
- K-means는 평균값을 기반으로 하므로
- 이상치에 매우 민감함

3. 변수 특성:
- 연속형 변수에 적합함
- 범주형 변수는 직접 적용이 어려움

4. 군집 개수 K:
- 군집 개수 K를 사전에 반드시 지정해야 함
- 최적의 K를 찾는 방법(엘보우 방법 등)이 필요함

따라서, ""초기 중심점 선택에 따라 결과가 달라질 수 있다""가 정답입니다.

정답: 1번",1
claude-3-5-haiku-20241022,./data/data_exq.json,상관계수에 대한 설명으로 틀린 것은?,"선택지:
1번 - 피어슨 상관계수는 -1에서 1 사이의 값을 가진다.
2번 - 상관계수는 인과관계를 나타낸다.
3번 - 스피어만 상관계수는 순위 데이터에 사용된다.
4번 - 상관계수의 절대값이 클수록 강한 선형관계를 나타낸다.","단계별로 각 선택지를 분석해보겠습니다.

1. ""피어슨 상관계수는 -1에서 1 사이의 값을 가진다."" 
- 맞습니다. 피어슨 상관계수는 -1부터 1 사이의 값을 가집니다.

2. ""상관계수는 인과관계를 나타낸다.""
- 틀린 설명입니다. 상관계수는 두 변수 간의 선형적 관계 강도를 나타내지만, 인과관계를 의미하지는 않습니다.

3. ""스피어만 상관계수는 순위 데이터에 사용된다."" 
- 맞습니다. 스피어만 상관계수는 순위 데이터나 비선형 관계를 분석할 때 사용됩니다.

4. ""상관계수의 절대값이 클수록 강한 선형관계를 나타낸다.""
- 맞습니다. 상관계수 값이 1 또는 -1에 가까울수록 강한 선형관계를 의미합니다.

따라서 틀린 설명은 2번 ""상관계수는 인과관계를 나타낸다"" 입니다.

정답: 2",2
claude-3-5-haiku-20241022,./data/data_exq.json,신경망 노드 중 무작위로 노드를 선정하여 다수의 모형을 구성하고 학습한 뒤 각 모형의 결과를 결합해 분류 및 예측하는 기법을 무엇이라고 하는가?,"선택지:
1번 - Mini-Batch
2번 - Bagging
3번 - Drop-out
4번 - AdaBoost","이 문제를 단계별로 풀어보겠습니다:

1. 문제 핵심 요소 분석:
- 무작위로 노드 선정
- 다수의 모형 구성
- 각 모형의 결과 결합
- 분류 및 예측 목적

2. 선택지 검토:
- Mini-Batch: 학습 데이터의 일부를 사용하는 기법
- Bagging: 무작위 샘플링으로 여러 모델을 만들고 결과를 통합하는 방법
- Drop-out: 학습 시 일부 노드를 임의로 제거하는 규제 기법
- AdaBoost: 약한 학습기를 순차적으로 결합하는 앙상블 방법

3. 문제 조건과 가장 일치하는 방법 선택:
- 무작위 노드 선정, 다수 모형 구성, 결과 결합 → Bagging

4. 정답 선택: 2번 Bagging

따라서 정답은 2번 Bagging입니다.",4
claude-3-5-haiku-20241022,./data/data_exq.json,인공신경망에서 동일 입력층에 대해 원하는 값이 출력되도록 각 계층의 가중치를 조정하는 방법은?,"선택지:
1번 - 역전파 알고리즘
2번 - 균등 분배 알고리즘
3번 - 유전 알고리즘
4번 - 은닉층 무시 알고리즘","이 문제를 단계별로 해결해 보겠습니다:

1. 문제 이해
- 인공신경망에서 가중치를 조정하는 방법을 묻고 있습니다.
- 입력층의 데이터에 대해 원하는 출력값을 얻기 위한 학습 방법을 선택해야 합니다.

2. 각 선택지 분석
- 역전파 알고리즘: 출력층의 오차를 입력층 방향으로 전파하며 가중치를 조정하는 방법
- 균등 분배 알고리즘: 가중치를 균등하게 분배하는 방법 (학습과 무관)
- 유전 알고리즘: 최적화 문제를 해결하기 위한 진화 알고리즘
- 은닉층 무시 알고리즘: 신경망의 은닉층을 제거하는 방법

3. 최종 판단
- 역전파 알고리즘이 가중치를 조정하는 대표적인 방법입니다.

정답은 1번 ""역전파 알고리즘""입니다.",1
claude-3-5-haiku-20241022,./data/data_exq.json,자연어처리 도구로 옳지 않은 것은?,"선택지:
1번 - BERT
2번 - GPT
3번 - Transformer
4번 - OpenCV","단계별로 생각해보겠습니다:

1. 자연어처리(NLP) 도구인지 확인하겠습니다:
- BERT: 자연어처리 모델 (O)
- GPT: 자연어처리 모델 (O)
- Transformer: 자연어처리 아키텍처 (O)
- OpenCV: 컴퓨터 비전 라이브러리 (X)

2. OpenCV의 특징:
- 이미지와 영상 처리에 사용되는 라이브러리
- 자연어처리와는 관련 없음
- 주로 컴퓨터 비전, 이미지 인식 분야에서 활용

3. 결론:
자연어처리 도구로 옳지 않은 것은 OpenCV입니다.

따라서 정답은 4번 OpenCV입니다.",4
claude-3-5-haiku-20241022,./data/data_exq.json,약한 인공지능(weak AI) 및 강한 인공지능(strong AI)에 대한 설명으로 옳지 않은 것은?,"선택지:
1번 - 약한 인공지능은 특정 문제를 해결할 수 있는 수준의 인공지능을 말한다.
2번 - 강한 인공지능은 인간의 모든 지능적 요소를 가진 인공지능을 말한다.
3번 - 알파고는 강한 인공지능에 속한다.
4번 - 강한 인공지능은 앨런 튜링이 제시한 튜링 테스트를 통과할 수 있다.","단계별로 생각해보겠습니다.

1. 각 선택지 검토:
• 1번: ""약한 인공지능은 특정 문제를 해결할 수 있는 수준의 인공지능을 말한다."" 
- 이는 정확한 설명입니다.

• 2번: ""강한 인공지능은 인간의 모든 지능적 요소를 가진 인공지능을 말한다.""
- 이 설명도 맞습니다.

• 3번: ""알파고는 강한 인공지능에 속한다.""
- 알파고는 실제로 약한 인공지능입니다. 특정 문제(바둑)만 해결할 수 있기 때문입니다.

• 4번: ""강한 인공지능은 앨런 튜링이 제시한 튜링 테스트를 통과할 수 있다.""
- 이는 사실입니다.

2. 분석 결과:
3번 선택지가 옳지 않은 설명입니다.

정답은 3번입니다.",3
claude-3-5-haiku-20241022,./data/data_exq.json,생성 모델에 대한 설명으로 옳지 않은 것은?,"선택지:
1번 - 생성 모델을 통해 특정 연령, 성별, 안경 유형과 같은 원하는 속성으로 유명인의 얼굴을 바꿀 수 있다.
2번 - 자기 부호화기(auto encoder)로 영상을 생성할 경우, 인코더와 디코더 설계 시 합성곱(convolution)층을 사용할 수 있다.
3번 - 생성적 적대 신경망(또는 적대적 생성 신경망, GAN, Generative Adversarial Networks)이 성공적으로 학습을 완료하면 분별망은 생성망이 만든 영상을 식별할 수 있다.
4번 - 변이형 자기 부호화기(variational auto encoder)는 학습 데이터의 분포를 따르는 새로운 영상을 생성할 수 있다.","이 문제를 단계별로 분석해보겠습니다.

1. 첫 번째 선택지: 
- 생성 모델을 통해 얼굴 속성 변경이 가능함 - 맞습니다.

2. 두 번째 선택지: 
- 자기 부호화기에서 인코더와 디코더에 합성곱층 사용 가능 - 맞습니다.

3. 세 번째 선택지: 
- GAN 학습 완료 후 분별망이 생성망 영상을 식별할 수 있다는 문장 - 이상합니다.
- GAN의 목적은 분별망이 생성망 영상을 구분하지 못하게 하는 것입니다.

4. 네 번째 선택지: 
- 변이형 자기 부호화기가 학습 데이터 분포를 따라 새로운 영상 생성 가능 - 맞습니다.

따라서 옳지 않은 설명은 3번입니다.

정답: 3",3
claude-3-5-haiku-20241022,./data/data_exq.json,"합성곱 신경망(CNN, Convolutional Neural Network)에 대한 설명으로 옳지 않은 것은?","선택지:
1번 - 이미지 분류 업무에 CNN을 활용할 수 있다.
2번 - CNN 내부에는 여러 개의 합성곱(convolution)층과 풀링(pooling)층을 배치할 수 있다.
3번 - CNN에서는 완전 연결(fully connected)층이 사용되지 않는다.
4번 - CNN에서는 학습 데이터에 과적합(overfitting)되는 문제를 해결하기 위해 드롭아웃(dropout) 기법이 사용될 수 있다.","이 문제를 단계별로 분석해보겠습니다.

1. 첫 번째 선택지: ""이미지 분류 업무에 CNN을 활용할 수 있다.""
- 정확합니다. CNN은 이미지 분류에 매우 효과적인 신경망 구조입니다.

2. 두 번째 선택지: ""CNN 내부에는 여러 개의 합성곱(convolution)층과 풀링(pooling)층을 배치할 수 있다.""
- 정확합니다. CNN의 대표적인 특징 중 하나입니다.

3. 세 번째 선택지: ""CNN에서는 완전 연결(fully connected)층이 사용되지 않는다.""
- 이 부분은 틀렸습니다. CNN의 마지막 단계에는 보통 완전 연결층이 포함됩니다.

4. 네 번째 선택지: ""CNN에서는 학습 데이터에 과적합(overfitting)되는 문제를 해결하기 위해 드롭아웃(dropout) 기법이 사용될 수 있다.""
- 정확합니다. 드롭아웃은 과적합을 방지하는 대표적인 기법입니다.

따라서 정답은 3번입니다.

정답: 3",3
claude-3-5-haiku-20241022,./data/data_exq.json,생성 모델에 활용되는 자기 부호화기(auto encoder)에 대한 설명으로 옳지 않은 것은?,"선택지:
1번 - 특징 추출에도 활용된다.
2번 - 지도 학습(supervised learning)에 해당한다.
3번 - 인코더는 차원을 점점 줄이나 디코더는 차원을 점점 늘리기 때문에 출력층에서 원래 차원을 회복한다. 
4번 - 변이형 자기 부호화기(variational auto encoder)는 잠재 변수의 발산을 방지하기 위한 규제화항을 오차에 포함하여 학습한다.","이 문제를 단계별로 분석해보겠습니다.

1. 첫 번째 선택지: ""특징 추출에도 활용된다.""
- 자기 부호화기는 데이터의 주요 특징을 압축하고 추출하는 데 사용됩니다. 따라서 이 설명은 맞습니다.

2. 두 번째 선택지: ""지도 학습(supervised learning)에 해당한다.""
- 자기 부호화기는 비지도 학습(unsupervised learning) 방법입니다. 레이블이 없는 데이터로 학습하므로 이 설명은 틀립니다.

3. 세 번째 선택지: ""인코더는 차원을 점점 줄이나 디코더는 차원을 점점 늘리기 때문에 출력층에서 원래 차원을 회복한다.""
- 자기 부호화기의 목적은 입력 데이터를 압축하고 다시 재구성하는 것입니다. 이 과정에서 차원 축소와 복원이 일어나므로 이 설명은 맞습니다.

4. 네 번째 선택지: ""변이형 자기 부호화기(variational auto encoder)는 잠재 변수의 발산을 방지하기 위한 규제화항을 오차에 포함하여 학습한다.""
- 변이형 자기 부호화기(VAE)는 잠재 공간의 규제를 위해 KL 발산 항을 손실 함수에 추가합니다. 이 설명도 맞습니다.

따라",2
claude-3-5-haiku-20241022,./data/data_exq.json,기계학습의 성능 향상을 위한 학습 데이터 전처리(preprocessing)기법과 검증 기법에 대한 설명으로 옳지 않은 것은?,"선택지:
1번 - 데이터 전처리의 한 예로 결손값(missing value) 처리가 있다.
2번 - 원－핫 인코딩(one-hot encoding)에서는 해당 속성값의 특징에 의해 고윳값에 해당하는 위치에만 1을 표시하고 나머지는 0으로 표시한다.
3번 - k-폴드 교차검증(k-fold cross validation)은 주어진 데이터를 k개의 데이터 폴드 집합으로 만든 뒤 다양한 폴드 집합 조합에 대해 학습과 검증 과정을 반복적으로 수행하는 기법이다.
4번 - SMOTE(Synthetic Minority Over-sampling Technique)는 특정 부류(class)에 속하는 학습 데이터가 지나치게 많은 경우, 데이터 일부를 추출하여 제거하는데 사용된다.","단계별로 각 선택지를 분석해보겠습니다.

1. 첫 번째 선택지: ""데이터 전처리의 한 예로 결손값(missing value) 처리가 있다.""
- 이는 정확한 설명입니다. 결손값 처리는 데이터 전처리의 대표적인 기법입니다.

2. 두 번째 선택지: ""원-핫 인코딩(one-hot encoding)에서는 해당 속성값의 특징에 의해 고윳값에 해당하는 위치에만 1을 표시하고 나머지는 0으로 표시한다.""
- 이 설명도 정확합니다. 원-핫 인코딩의 기본 원리를 잘 설명하고 있습니다.

3. 세 번째 선택지: ""k-폴드 교차검증(k-fold cross validation)은 주어진 데이터를 k개의 데이터 폴드 집합으로 만든 뒤 다양한 폴드 집합 조합에 대해 학습과 검증 과정을 반복적으로 수행하는 기법이다.""
- 이 설명 역시 k-폴드 교차검증의 정확한 정의입니다.

4. 네 번째 선택지: ""SMOTE(Synthetic Minority Over-sampling Technique)는 특정 부류(class)에 속하는 학습 데이터가 지나치게 많은 경우, 데이터 일부를 추출하여 제거하는데 사용된다.""
- 이 설명은 SMOTE의 목적과 완전히 반",4
claude-3-5-haiku-20241022,./data/data_exq.json,"기본 순환 신경망(RNN, Recurrent Neural Network)과 이의 변형 기법에 대한 설명으로 옳지 않은 것은?","선택지:
1번 - RNN은 계층이 깊어질수록 그래디언트 소멸 문제(vanishing gradient problem)가 발생하기 쉽다.
2번 - LSTM(Long Short Term Memory)의 출력은 이전 시점의 입력값과 은닉층의 값뿐만 아니라 이후 시점의 입력값과 은닉층의 값에도 영향을 받는다.
3번 - RNN에서 순환 드롭아웃(recurrent dropout)은 과적합(overfitting)을 방지하기 위해 사용된다.
4번 - GRU(Gated Recurrent Unit)는 LSTM과 유사한 원리로 동작하지만, 게이트 수를 줄여 더 간결한 구조를 갖는다.","이 문제를 단계별로 풀이해보겠습니다.

1. 첫 번째 선택지: ""RNN은 계층이 깊어질수록 그래디언트 소멸 문제(vanishing gradient problem)가 발생하기 쉽다.""
- 이 설명은 정확합니다. RNN의 대표적인 문제점으로 알려진 내용입니다.

2. 두 번째 선택지: ""LSTM(Long Short Term Memory)의 출력은 이전 시점의 입력값과 은닉층의 값뿐만 아니라 이후 시점의 입력값과 은닉층의 값에도 영향을 받는다.""
- 이 설명은 잘못되었습니다. LSTM의 출력은 이전 시점의 입력값과 은닉층의 값에 영향을 받지만, 이후 시점의 값에 영향을 받지 않습니다.

3. 세 번째 선택지: ""RNN에서 순환 드롭아웃(recurrent dropout)은 과적합(overfitting)을 방지하기 위해 사용된다.""
- 이 설명은 정확합니다. 순환 드롭아웃은 과적합을 방지하는 규제 기법입니다.

4. 네 번째 선택지: ""GRU(Gated Recurrent Unit)는 LSTM과 유사한 원리로 동작하지만, 게이트 수를 줄여 더 간결한 구조를 갖는다.""
- 이 설명도 정확합니다. GRU는 LSTM보다 게이트 수가 적어 더",2
claude-3-5-haiku-20241022,./data/data_exq.json,그래디언트 소멸 문제(vanishing gradient problem)에 대한 설명으로 옳지 않은 것은?,"선택지:
1번 - 특정 활성화 함수를 사용하는 계층이 신경망에 많이 추가되면 학습이 되지 않는 현상을 말한다.
2번 - 0이나 0에 가까운 수가 시그모이드(sigmoid) 함수에 들어오면 그래디언트가 0에 가까워 학습이 되지 않는다.
3번 - 그래디언트의 절댓값이 너무 작아지면 학습이 되지 않아 가중치(weight)와 편향(bias) 값들이 효과적으로 업데이트 되지 못한다.
4번 - 그래디언트 소멸 문제를 해결하기 위해 DNN(Deep Neural Network)에서는 활성화 함수로 ReLU 함수를 사용한다.","이 문제를 단계별로 분석해보겠습니다.

1. 그래디언트 소멸 문제의 정의:
- 깊은 신경망에서 역전파 과정에서 그래디언트가 매우 작아지는 현상
- 특히 시그모이드 함수에서 발생하기 쉬운 문제

2. 각 선택지 검토:
- 1번: 특정 활성화 함수를 사용하는 계층이 많아지면 학습이 되지 않는다 (O)
- 2번: 시그모이드 함수에서 0이나 0에 가까운 수는 그래디언트를 0에 가깝게 만든다 (O)
- 3번: 그래디언트 절댓값이 작아지면 가중치와 편향 업데이트가 어려워진다 (O)
- 4번: ReLU 함수를 사용하여 그래디언트 소멸 문제를 해결한다 (O)

3. 분석 결과:
모든 선택지가 사실입니다. 하지만 질문은 ""옳지 않은 것""을 찾으라고 했으므로, 
추가적인 검토가 필요합니다.

4. 결론:
모든 선택지가 사실이므로, 특별히 틀린 내용은 없습니다.

정답은 4번입니다.",2
claude-3-5-haiku-20241022,./data/data_exq.json,"다음 설명에 해당하는 자연어처리 기법은? , 주변에 있는 단어를 이용해 중간에 있는 특정 단어를 추론하는 방법으로, 큰 차원으로 표현된 특정 단어의 원－핫 인코딩(one-hot encoding) 벡터를 작은 차원의 실수 벡터로 바꾸어 줄 수 있다.","선택지:
1번 - CBOW(Continuous Bag of Words)
2번 - n-Gram
3번 - Skip-Gram
4번 - TF-IDF(Term Frequency-Inverse Document Frequency) vector","이 문제를 단계별로 풀어보겠습니다:

1. 문제 분석:
- 주변 단어를 이용해 중간 단어를 추론
- 고차원 벡터를 저차원 실수 벡터로 변환

2. 선택지 검토:
- n-Gram: 연속된 n개의 단어를 분석하는 방법
- TF-IDF: 문서 내 단어 중요도를 측정하는 방법
- Skip-Gram: 중간 단어를 이용해 주변 단어를 예측하는 방법
- CBOW: 주변 단어를 이용해 중간 단어를 예측하는 방법

3. 문제 설명과 일치하는 특징:
- 주변 단어로 중간 단어 추론
- 벡터 차원 축소

4. 결론:
이 설명은 CBOW(Continuous Bag of Words) 방법을 정확히 설명하고 있습니다.

정답: 1. CBOW(Continuous Bag of Words)",1
claude-3-5-haiku-20241022,./data/data_exq.json,인공지능 활용 분야 중 사용되는 대표 학습 모델이 다른 것은?,"선택지:
1번 - 유명한 화가가 그린 그림의 화풍을 분석하는 것
2번 - 현금 인출기에서 수표에 쓰인 필기체 숫자를 인식하는 것
3번 - 스마트폰에서 연관성이 있는 사진들을 모아 정리해 주는 것
4번 - 사람이 하는 말을 텍스트로 변환해 주는 서비스를 이용하는 것","단계별로 생각해보겠습니다.

1. 각 선택지의 인공지능 학습 모델을 분석해보겠습니다.

• 화가의 화풍 분석: 딥러닝의 GAN(생성적 적대 신경망) 모델
• 필기체 숫자 인식: CNN(합성곱 신경망) 모델
• 사진 연관성 분류: 클러스터링, 이미지 분류 모델
• 음성을 텍스트로 변환: RNN(순환 신경망) 모델

2. 대부분의 선택지가 특정 인공지능 학습 모델을 사용하고 있습니다.

3. 그러나 ""현금 인출기에서 수표에 쓰인 필기체 숫자를 인식하는 것""은 다른 선택지와 다른 접근 방식을 가집니다.

4. 이 선택지는 특정 목적에 특화된 패턴 인식에 중점을 둡니다.

따라서 정답은 2번 ""현금 인출기에서 수표에 쓰인 필기체 숫자를 인식하는 것""입니다.",4
claude-3-5-haiku-20241022,./data/data_exq.json,생성형 인공지능에 대한 설명으로 옳지 않은 것은?,"선택지:
1번 - 프롬프트(prompt)에 대응하여 텍스트, 이미지 등을 생성한다. 
2번 - 주요 생성형 인공지능 모델로는 ChatGPT, Bard, LLaMa 등이 있다.
3번 - 학습 데이터의 패턴과 구조를 학습하여 유사한 특징이 있는 새로운 데이터를 생성한다.
4번 - 텍스트를 이미지로 변환하는 생성형 모델로는 Stable Diffusion, Neocognitron, DALL-E 등이 대표적이다.","단계별로 생각해보겠습니다:

1. 첫 번째 선택지: 프롬프트에 대응하여 텍스트, 이미지 등을 생성한다.
- 맞습니다. 생성형 AI의 핵심 특징입니다.

2. 두 번째 선택지: 주요 생성형 인공지능 모델로는 ChatGPT, Bard, LLaMa 등이 있다.
- 이 설명도 정확합니다.

3. 세 번째 선택지: 학습 데이터의 패턴과 구조를 학습하여 유사한 특징이 있는 새로운 데이터를 생성한다.
- 이 설명 역시 생성형 AI의 핵심 메커니즘을 잘 설명하고 있습니다.

4. 네 번째 선택지: 텍스트를 이미지로 변환하는 생성형 모델로는 Stable Diffusion, Neocognitron, DALL-E 등이 대표적이다.
- 이 중 Neocognitron은 생성형 모델이 아니라 초기 신경망 모델입니다. 다른 두 모델은 맞지만, Neocognitron은 잘못된 정보입니다.

따라서 정답은 4번입니다.",4
claude-3-5-haiku-20241022,./data/data_exq.json,인공지능을 구현하기 위해 필요한 요소 기술에 대한 설명으로 옳지 않은 것은?,"선택지:
1번 - 추론은 현재 상태에서 목표 상태에 도달하기 위해 수행해야 할 일련의 행동 순서를 찾는 것을 의미한다.
2번 - 지식표현은 문제를 해결하거나 심층적인 추론을 하는 데 사용할 수 있도록 지식을 효과적으로 표현하는 방법이다.
3번 - 학습은 경험을 통해 나중에 동일한 문제나 유사한 문제를 더 잘 해결할 수 있도록 시스템의 구조나 파라미터를 바꾸는 것을 의미한다.
4번 - 탐색은 문제의 답이 될 수 있는 것들의 집합을 공간으로 간주하고문제에 대한 최적의 해를 찾기 위해 공간을 체계적으로 검색하는것을 의미한다.","이 문제를 단계별로 풀어보겠습니다.

1. 각 선택지의 의미를 분석해보겠습니다.

- 추론: 현재 상태에서 목표 상태로 도달하는 행동 순서를 찾는 것
- 지식표현: 문제 해결을 위해 지식을 효과적으로 표현하는 방법
- 학습: 경험을 통해 시스템의 구조나 파라미터를 개선하는 것
- 탐색: 문제의 최적 해를 찾기 위해 공간을 체계적으로 검색하는 것

2. 각 설명을 검토해보겠습니다.

3. 모든 설명이 인공지능 요소 기술에 대해 타당해 보입니다.

4. 그러나 탐색에 대한 설명에 약간의 모호함이 있습니다.

5. 특히 ""문제의 답이 될 수 있는 것들의 집합을 공간으로 간주한다""는 부분이 다소 부정확해 보입니다.

따라서, 답은 4번 ""탐색""에 대한 설명입니다.

정답: 4",1
claude-3-5-haiku-20241022,./data/data_exq.json,다음 중 비지도 학습으로 분류되는 것은?,"선택지:
1번 - 선형 회귀(LR, Linear Regression)
2번 - K-평균 알고리즘(K-means algorithm)
3번 - k-최근접 이웃(kNN, k-Nearest Neighbor)
4번 - 서포트 벡터 머신(SVM, Support Vector Machine)","단계별로 접근해보겠습니다:

1. 비지도 학습의 특징
- 레이블이 없는 데이터를 학습
- 데이터의 숨겨진 패턴이나 구조를 찾아냄
- 클러스터링이나 차원 축소 등에 사용

2. 각 알고리즘 분류 검토
- 선형 회귀(LR): 지도 학습 (타겟 변수 예측)
- k-최근접 이웃(kNN): 지도 학습 (분류/회귀)
- 서포트 벡터 머신(SVM): 지도 학습 (분류)
- K-평균 알고리즘: 비지도 학습 (클러스터링)

3. 결론
K-평균 알고리즘은 데이터의 숨겨진 그룹을 찾는 대표적인 비지도 학습 방법입니다.

정답: 2번 K-평균 알고리즘(K-means algorithm)",2
claude-3-5-haiku-20241022,./data/data_exq.json,서포트 벡터 머신에 대한 설명으로 옳지 않은 것은?,"선택지:
1번 - 주어진 데이터를 두 개의 영역으로 분류하는 이진 분류기이다.
2번 - Vapnik 등이 개발한 통계 학습 이론의 결과를 기반으로 하는 기계학습 방법이다.
3번 - 데이터 분류를 위한 경계면은 경계면과 서포트 벡터들 간의 거리가 최대가 되도록 결정한다.
4번 - 경계면 결정 시 일부 데이터가 마진(margin) 내에 들어오도록 허용하는 것을 하드(hard) 마진이라 한다.","단계별로 생각해보겠습니다.

1. 첫 번째 선택지: ""서포트 벡터 머신은 주어진 데이터를 두 개의 영역으로 분류하는 이진 분류기이다.""
- 이는 맞는 설명입니다. SVM은 기본적으로 두 개의 클래스를 분류하는 알고리즘입니다.

2. 두 번째 선택지: ""Vapnik 등이 개발한 통계 학습 이론의 결과를 기반으로 하는 기계학습 방법이다.""
- 이 설명도 정확합니다. SVM은 Vapnik에 의해 개발되었습니다.

3. 세 번째 선택지: ""데이터 분류를 위한 경계면은 경계면과 서포트 벡터들 간의 거리가 최대가 되도록 결정한다.""
- 이 설명 역시 맞습니다. SVM의 핵심 원리 중 하나입니다.

4. 네 번째 선택지: ""경계면 결정 시 일부 데이터가 마진(margin) 내에 들어오도록 허용하는 것을 하드(hard) 마진이라 한다.""
- 이 설명은 잘못되었습니다. 하드 마진은 오히려 모든 데이터가 마진 밖에 있어야 하는 엄격한 조건을 의미합니다.
- 일부 데이터가 마진 내에 들어오는 것은 소프트 마진(soft margin)입니다.

따라서 정답은",4
claude-3-5-haiku-20241022,./data/data_exq.json,기계학습에서 발생할 수 있는 과적합(overfitting)을 완화하기 위한 방법으로 옳지 않은 것은?,"선택지:
1번 - 드롭아웃(dropout)은 학습 과정에서 노드를 미리 정해진 비율만큼 랜덤으로 비활성화하여 과적합을 완화한다.
2번 - 배치 정규화(batch normalization)는 은닉층의 가중치를 정규화하고 노드값의 표준편차를 증대시켜 과적합을 완화한다.
3번 - 데이터 증강(data augmentation)은 기존 학습 데이터에 약간의 변형을 가한 새로운 학습 데이터를 추가하여 과적합을 완화한다.
4번 - 규제화(regularization)는 오차 함수를 오차 항과 모델 복잡도 항의 합으로 정의하여 가중치의 절댓값을 제한함으로써 과적합을 완화한다.","단계별로 문제를 분석해보겠습니다.

1. 과적합(overfitting)이란?
- 모델이 훈련 데이터에 너무 과도하게 맞춰져서 새로운 데이터에 대한 일반화 성능이 떨어지는 현상

2. 각 선택지 분석:
a) 드롭아웃: 노드를 랜덤하게 비활성화하여 과적합 방지 → 정확함
b) 배치 정규화: 
- 가중치 정규화 목적은 맞으나, 노드값 표준편차를 ""증대""시킨다는 부분이 잘못됨
- 실제로는 노드값의 분포를 안정화시킴

3. 결론:
- 배치 정규화에 대한 설명이 부정확함

따라서 정답은 2번 ""배치 정규화(batch normalization)는 은닉층의 가중치를 정규화하고 노드값의 표준편차를 증대시켜 과적합을 완화한다.""입니다.",2
claude-3-5-haiku-20241022,./data/data_exq.json,"생성적 적대 신경망(GAN, Generative Adversarial Network)에 대한 설명으로 옳지 않은 것은?","선택지:
1번 - 판별자 출력층의 노드는 하나이다.
2번 - 생성자와 판별자의 두 신경망을 사용한다.
3번 - 생성자의 학습 과정에서는 판별자를 사용하지 않는다.
4번 - 생성자의 목적은 판별자를 속일 수 있을 정도로 품질이 높은 위조 데이터를 생성하는 것이다.","단계별로 풀이해보겠습니다.

1. GAN의 기본 구조 이해
- GAN은 생성자(Generator)와 판별자(Discriminator) 두 개의 신경망으로 구성됨
- 생성자는 가짜 데이터를 만들고, 판별자는 그 데이터가 진짜인지 가짜인지 구분

2. 각 선택지 검토
1) ""판별자 출력층의 노드는 하나이다.""
- 판별자는 진위를 판단하므로 출력층 노드는 보통 하나 (sigmoid 함수 사용)
- 이 문장은 맞음

2) ""생성자와 판별자의 두 신경망을 사용한다.""
- 이는 GAN의 기본 구조를 정확히 설명
- 맞는 설명

3) ""생성자의 학습 과정에서는 판별자를 사용하지 않는다.""
- 이 문장은 틀림
- 생성자는 판별자의 피드백을 통해 학습

4) ""생성자의 목적은 판별자를 속일 수 있을 정도로 품질이 높은 위조 데이터를 생성하는 것이다.""
- 이는 GAN의 핵심 목적을 정확히 설명
- 맞는 설명

3. 결론
3번 선택지가 틀린 설명입니다.

정답: 3번",3
claude-3-5-haiku-20241022,./data/data_exq.json,컴퓨터 비전 관련 딥러닝 모델에 대한 설명으로 옳지 않은 것은?,"선택지:
1번 - YOLO는 정확도보다 처리 속도에 강점을 갖는 객체 탐지 및 분류 모델이다
2번 - R-CNN 모델에서는 객체 탐지와 분류를 동시에 수행하므로 효율성이 높다.
3번 - Fast R-CNN 모델에서는 입력 영상에서 객체를 탐지하기 위해 선택적 탐색 알고리즘을 사용한다
4번 - SSD(Single Shot Detector)는 YOLO에 비해 객체 탐지 및 분류의 정확도와 처리 속도가 개선된 모델이다.","단계별로 생각해보겠습니다.

1. YOLO에 대한 설명
- 실시간 객체 탐지 모델
- 처리 속도에 강점을 가짐
- 정확도는 다소 떨어질 수 있음 (O)

2. R-CNN 모델
- 객체 탐지와 분류를 동시에 수행하지 않음
- 선택적 탐색(Selective Search)을 통해 후보 영역을 먼저 추출
- 각 후보 영역에 대해 별도로 분류 수행 (X)

3. Fast R-CNN 모델
- 선택적 탐색 알고리즘 사용 (O)

4. SSD 모델
- YOLO보다 정확도와 속도 개선 (O)

따라서, 옳지 않은 설명은 ""R-CNN 모델에서는 객체 탐지와 분류를 동시에 수행하므로 효율성이 높다""입니다.

정답은 2번입니다.",2
claude-3-5-haiku-20241022,./data/data_exq.json,강화 학습(reinforcement learning) 모델과 관련성이 가장 적은 것은?,"선택지:
1번 - Gym
2번 - AlphaGo
3번 - AlphaStar
4번 - Deep Dream","단계별로 접근해보겠습니다.

1. 강화 학습(Reinforcement Learning, RL)의 특징 확인:
- 에이전트가 환경과 상호작용하며 보상을 최대화하는 방식
- 시행착오를 통해 최적의 정책(policy)을 학습

2. 각 선택지 분석:
- Gym: OpenAI에서 개발한 강화학습 환경 라이브러리
- AlphaGo: DeepMind의 강화학습 기반 바둑 AI
- AlphaStar: DeepMind의 StarCraft II 강화학습 AI
- Deep Dream: 구글의 이미지 생성 신경망 기술

3. 강화학습과의 연관성 판단:
- Gym: 강화학습 직접 연관
- AlphaGo: 강화학습으로 학습
- AlphaStar: 강화학습으로 학습
- Deep Dream: 생성적 적대 신경망(GAN), 강화학습과 무관

4. 결론: Deep Dream이 강화학습과 가장 관련성이 적습니다.

정답: 4번 Deep Dream",4
claude-3-5-haiku-20241022,./data/data_exq.json,전이 학습(transfer learning)에 대한 설명으로 옳은 것은?,"선택지:
1번 - 입력 데이터와 출력 데이터가 동일하도록 학습하는 과정을 갖는다.
2번 - 강화 학습의 한 종류로 환경에서 상태의 전이와 보상값의 생성 메커니즘을 설명하는 일종의 함수이다.
3번 - 서열(sequence) 데이터에서 이전 값들을 고려하기 위해 은닉층 또는 출력층의 값을 활용한다.
4번 - 어떤 한 분야에서 특정 과업을 수행하도록 학습한 후 유사한 분야 또는 다른 분야의 과업을 수행할 때 이전 학습 경험을 적용한다.","이 문제를 단계별로 분석해보겠습니다.

1. 각 선택지의 의미를 살펴보겠습니다:
• 1번: 입력과 출력이 동일한 학습 과정 (자가 부호화(autoencoder)와 유사)
• 2번: 강화 학습의 상태 전이 함수
• 3번: 순환 신경망(RNN)의 특성
• 4번: 전이 학습의 정의

2. 전이 학습의 핵심 개념을 상기해보겠습니다:
- 한 분야에서 학습한 지식을 다른 분야에 적용
- 기존 모델의 지식을 재사용
- 새로운 도메인에서 학습 효율성 증대

3. 4번 선택지를 자세히 보면:
""어떤 한 분야에서 특정 과업을 수행하도록 학습한 후 유사한 분야 또는 다른 분야의 과업을 수행할 때 이전 학습 경험을 적용한다.""

4. 이는 전이 학습의 정확한 정의와 일치합니다.

따라서 정답은 4번입니다.",4
claude-3-5-haiku-20241022,./data/data_exq.json,". 영상의 특성을 효과적으로 추출하거나 영상 분석 및 인식에 활용 가능한 딥러닝 모델만을 모두 고르면? ㄱ.ResNet , ㄴ.Inception, ㄷ.VGG","선택지:
1번 - ㄱ
2번 - ㄱ, ㄷ
3번 - ㄴ, ㄷ
4번 - ㄱ, ㄴ, ㄷ","이 문제를 단계별로 해결해 보겠습니다.

1. 각 모델의 특성 분석:
- ResNet(ㄱ): 깊은 신경망에서 발생하는 기울기 소실 문제를 해결한 모델
- Inception(ㄴ): 다양한 크기의 합성곱 필터를 병렬로 사용하는 구조
- VGG(ㄷ): 3x3 합성곱 필터를 연속적으로 사용하는 깊은 신경망

2. 영상 특성 추출 및 분석 능력 평가:
- ResNet: ✓ 깊은 층을 통해 복잡한 특징 추출 가능
- Inception: ✓ 다양한 크기의 특징 추출에 효과적
- VGG: ✓ 깊은 층을 통한 영상 특성 학습에 적합

3. 결론:
모든 모델이 영상 분석에 적합하므로, 정답은 ""ㄱ, ㄴ, ㄷ""입니다.

정답: 4번 (ㄱ, ㄴ, ㄷ)",4
claude-3-5-haiku-20241022,./data/data_exq.json,결정 트리(decision tree)에 대한 설명으로 옳지 않은 것은?,"선택지:
1번 - 엔트로피(entropy) 값이 작은 집단일수록 동질적이다.
2번 - 일반적으로 정보 이득(information gain)이 큰 분할 속성일수록 우수하다.
3번 - 정보 이득비(information gain ratio)는 속성의 엔트로피를 정보 이득으로 나눈 값이다. 
4번 - 데이터를 가능한 한 동질적 집단이 되도록 분류하는 분할 속성(splitting attribute)을 선택하는 것이 효율적이다.","단계별로 생각해보겠습니다.

1. 엔트로피(entropy)에 대한 이해
- 엔트로피 값이 작을수록 데이터의 동질성이 높다는 것은 맞습니다.
- 이는 첫 번째 선택지가 정확합니다.

2. 정보 이득(information gain)에 대한 이해
- 정보 이득이 큰 속성일수록 데이터를 더 잘 분류할 수 있으므로 두 번째 선택지도 정확합니다.

3. 정보 이득비(information gain ratio)에 대한 검토
- 정보 이득비는 정보 이득을 속성의 고유 엔트로피로 나눈 값입니다.
- 세 번째 선택지의 설명은 잘못되었습니다.

4. 데이터 분류에 대한 설명
- 데이터를 가능한 한 동질적 집단으로 분류하는 것이 결정 트리의 핵심 원리입니다.
- 네 번째 선택지는 정확합니다.

따라서 옳지 않은 설명은 3번입니다.

정답: 3",3
claude-3-5-haiku-20241022,./data/data_exq.json,퍼지 이론(fuzzy theory)에 대한 설명으로 옳지 않은 것은?,"선택지:
1번 - 소속 정도(degree of membership(u))는 0 < u <= 1로 정의된다.
2번 - 퍼지 규칙은 IF-THEN 형태의 문장으로 표현된다.
3번 - 소속 함수를 통해 정성적인 대상을 표현할 수 있다.
4번 - 비퍼지화(defuzzification)를 통해 퍼지 추론 결과를 하나의 실수 값으로 변환할 수 있다.","단계별로 생각해보겠습니다.

1. 퍼지 이론의 기본 특징 확인:
- 퍼지 이론은 불확실성과 모호성을 다루는 이론입니다.
- 소속 정도는 전통적인 이론에서 중요한 개념입니다.

2. 각 선택지 검토:
① 소속 정도(u)가 0 < u <= 1로 정의된다.
- 이는 퍼지 이론의 기본 원칙에 맞습니다.

② IF-THEN 형태의 퍼지 규칙
- 이는 퍼지 로직의 표현 방식과 일치합니다.

③ 소속 함수를 통한 정성적 대상 표현
- 퍼지 이론의 핵심 특징 중 하나입니다.

④ 비퍼지화를 통한 실수 값 변환
- 퍼지 추론 결과를 crisp한 값으로 변환하는 과정입니다.

3. 오류가 있는 항목 판단:
- 모든 선택지가 퍼지 이론의 특징과 일치합니다.

4. 그러나 소속 정도의 정의에 주목해야 합니다.

5. 결론:
- 소속 정도는 0 <= u <= 1로 정의되어야 합니다.
- 첫 번째 선택지의 ""0 < u <= 1""은 정확하지 않습니다.

따라서 정답은 ①번입니다.",1
claude-3-5-haiku-20241022,./data/data_exq.json,"합성곱 신경망과 순환 신경망(RNN, Recurrent Neural Network)에 대한 설명으로 옳지 않은 것은?","선택지:
1번 - 순환 신경망은 기울기 소멸(vanishing gradient) 문제가 심각하게 발생하지 않는 장점이 있다.
2번 - 순환 신경망에서는 일반적으로 하이퍼볼릭 탄젠트(hyperbolic tangent) 함수(tanh())를 활성화 함수로 사용한다.
3번 - 합성곱 신경망은 특징 추출을 담당하는 합성곱층과 분류를 담당하는 전결합층을 포함하는 다층 퍼셉트론 모델의 한 종류이다.
4번 - 합성곱 신경망은 필터로 특징을 추출하고 풀링을 이용하여 입력의 변화에 강건한(robust) 방식으로 사물을 분류한다.","이 문제를 단계별로 분석해보겠습니다.

1. 첫 번째 선택지: ""순환 신경망은 기울기 소멸(vanishing gradient) 문제가 심각하게 발생하지 않는다""
- 사실: 이는 잘못된 진술입니다. RNN은 오히려 기울기 소멸 문제가 심각한 신경망입니다.

2. 두 번째 선택지: ""순환 신경망에서는 일반적으로 하이퍼볼릭 탄젠트(tanh()) 함수를 활성화 함수로 사용한다""
- 사실: 이는 맞는 진술입니다. RNN에서 tanh 함수는 자주 사용됩니다.

3. 세 번째 선택지: ""합성곱 신경망은 특징 추출을 담당하는 합성곱층과 분류를 담당하는 전결합층을 포함하는 다층 퍼셉트론 모델의 한 종류이다""
- 사실: 이는 정확한 설명입니다.

4. 네 번째 선택지: ""합성곱 신경망은 필터로 특징을 추출하고 풀링을 이용하여 입력의 변화에 강건한(robust) 방식으로 사물을 분류한다""
- 사실: 이도 정확한 설명입니다.

따라서, 옳지 않은 설명은 첫 번째 선택지입니다.

정답: 1",1
claude-3-5-haiku-20241022,./data/data_exq.json,다음 중 컴퓨터 시각 시스템의 처리 단계를 올바르게 정의한 것은?,"선택지:
1번 - 전처리: 영상 내의 처리 대상을 적절한 데이터로 표현한다.
2번 - 특징화: 취득한 영상을 처리하기 좋은 형태로 가공한다.
3번 - 영상분할: 영상을 몇 개의 의미 있는 영역으로 나눈다.
4번 - 영상 포획: 잡음을 제거하여 깨끗한 영상을 얻는다.","이 문제를 단계별로 분석해보겠습니다.

1. 각 선택지의 설명을 검토해보겠습니다.

2. 전처리 단계:
- 영상 내의 처리 대상을 적절한 데이터로 표현한다? (부정확)
- 전처리는 보통 잡음 제거, 이미지 보정 등을 의미합니다.

3. 특징화 단계:
- 취득한 영상을 처리하기 좋은 형태로 가공한다? (부정확)
- 특징화는 이미지에서 중요한 특징점을 추출하는 단계입니다.

4. 영상분할 단계:
- 영상을 몇 개의 의미 있는 영역으로 나눈다? (정확)
- 이는 영상분할의 정확한 정의입니다.

5. 영상 포획 단계:
- 잡음을 제거하여 깨끗한 영상을 얻는다? (부정확)
- 이는 오히려 전처리 단계의 설명에 가깝습니다.

결론: 3번 ""영상을 몇 개의 의미 있는 영역으로 나눈다""가 정답입니다.

정답: 3",3
claude-3-5-haiku-20241022,./data/data_exq.json,다음 중 군집을 구성하는 표본들의 통계적 분포를 고려한 거리 측정자는?,"선택지:
1번 - 유클리드 거리
2번 - 해밍 거리
3번 - 도시블록 거리
4번 - 마할라노비스 거리","단계별로 생각해보겠습니다.

1. 각 거리 측정법의 특징 분석
- 유클리드 거리: 직선 거리, 기본적인 거리 측정법
- 해밍 거리: 이진 데이터의 차이 측정
- 도시블록 거리: 격자 형태의 거리 측정
- 마할라노비스 거리: 표본의 통계적 분포를 고려한 거리 측정

2. 문제의 핵심 키워드 확인
- ""군집을 구성하는 표본들의 통계적 분포를 고려한""

3. 키워드에 가장 부합하는 거리 측정법 판단
- 마할라노비스 거리는 데이터의 분산과 공분산을 고려하여 거리를 계산
- 데이터의 통계적 분포를 직접적으로 반영

4. 정답 선택
-> 마할라노비스 거리

정답은 4번 ""마할라노비스 거리""입니다.",4
claude-3-5-haiku-20241022,./data/data_exq.json,다음 중 자율학습에 대한 설명으로 올바른 것은?,"선택지:
1번 - 입력 값만 학습 데이터로 제공되며, 입력에 대한 출력 값은 제공되지 않는다.
2번 - 입력에 대한 시스템의 출력을 기대하는 출력과 같아지도록 시스템을 변화시킨다.
3번 - 입력의 행동에 따른 보상이 최대화되도록 학습을 진행한다.
4번 - 학습 데이터는 (입력, 출력) 쌍의 형태이다.","이 문제를 단계별로 분석해보겠습니다.

1. 자율학습(Unsupervised Learning)의 특징을 생각해보겠습니다.
   - 레이블되지 않은 데이터로 학습
   - 정답(출력)을 미리 제공하지 않음
   - 데이터의 숨겨진 패턴이나 구조를 발견하는 것이 목적

2. 각 선택지를 검토하겠습니다:
   
   1번: ""입력 값만 학습 데이터로 제공되며, 입력에 대한 출력 값은 제공되지 않는다.""
   - 이는 자율학습의 정확한 설명입니다.

   2번: 감독학습(Supervised Learning)의 특징에 가깝습니다.

   3번: 강화학습(Reinforcement Learning)의 특징입니다.

   4번: 감독학습의 특징입니다.

3. 결론: 1번이 자율학습을 가장 정확하게 설명하고 있습니다.

정답: 1",1
claude-3-5-haiku-20241022,./data/data_exq.json,다음 중 독립변수와 종속변수 사이의 상관관계를 선형함수로 모델링하는 것을 일컫는 것은?,"선택지:
1번 - 선형회귀
2번 - 군집화
3번 - 결정트리 학습
4번 - 주성분 분석","단계별로 접근해보겠습니다.

1. 각 선택지의 의미를 먼저 살펴보겠습니다.
- 선형회귀: 독립변수와 종속변수 사이의 선형 관계를 모델링하는 통계적 방법
- 군집화: 유사한 데이터를 그룹으로 분류하는 기법
- 결정트리 학습: 의사결정 규칙을 나무 구조로 학습하는 방법
- 주성분 분석: 고차원 데이터의 차원을 축소하는 기법

2. 문제의 핵심은 ""독립변수와 종속변수 사이의 상관관계를 선형함수로 모델링""입니다.

3. 이 설명과 정확히 일치하는 방법은 ""선형회귀""입니다.

4. 따라서 정답은 1번 ""선형회귀""입니다.

정답: 1 (선형회귀)",1
claude-3-5-haiku-20241022,./data/data_exq.json,다음 중 로지스틱 회귀를 이용하여 학습할 수 있는 것은?,"선택지:
1번 - 독립변수와 종속변수 사이의 관계를 2차 함수로 나타낸다.
2번 - 독립변수에 따라 군집화를 한다.
3번 - 일련의 행동에 따른 보상이 최대로 되도록 학습을 한다.
4번 - 독립변수의 값에 따라 종속변수가 0 또는 1이라는 값을 낼 수 있는 가설을 학습한다.","단계별로 로지스틱 회귀의 특징을 분석해보겠습니다.

1. 로지스틱 회귀의 목적:
- 이진 분류 문제를 해결하는 알고리즘
- 독립변수를 기반으로 종속변수가 0 또는 1이 될 확률을 예측

2. 각 선택지 검토:
1번: 2차 함수로 관계를 나타내는 것 - 로지스틱 회귀 아님
2번: 군집화 - 군집화 알고리즘과 관련
3번: 보상 기반 학습 - 강화학습과 관련
4번: 0 또는 1의 값을 예측하는 가설 학습 - 로지스틱 회귀의 정확한 설명

3. 결론:
로지스틱 회귀는 독립변수의 값에 따라 종속변수가 0 또는 1이라는 값을 낼 수 있는 가설을 학습합니다.

정답은 4번입니다.",4
claude-3-5-haiku-20241022,./data/data_exq.json,다음 중 k-평균 군집화에 대한 설명으로 올바른 것은?,"선택지:
1번 - 자율학습 방식으로 학습한다.
2번 - 강화학습 방식으로 학습한다.
3번 - 하나의 학습 표본은 k개의 데이터로 구성된다.
4번 - 각각의 학습 표본은 (입력 벡터, 출력)의 쌍으로 구성된다.","단계별로 생각해보겠습니다.

1. k-평균 군집화의 특징 분석
- 비지도학습(자율학습) 알고리즘입니다.
- 데이터를 k개의 군집으로 분류합니다.
- 입력 데이터에 대한 레이블이 없는 상태에서 학습합니다.

2. 각 선택지 검토
1번: ""자율학습 방식으로 학습한다."" 
- 이는 k-평균 군집화의 정확한 특징입니다.

2번: ""강화학습 방식으로 학습한다.""
- 잘못된 설명입니다.

3번: ""하나의 학습 표본은 k개의 데이터로 구성된다.""
- 이는 사실이 아닙니다.

4번: ""각각의 학습 표본은 (입력 벡터, 출력)의 쌍으로 구성된다.""
- 비지도학습이므로 이런 쌍을 가정하지 않습니다.

3. 결론
정답은 1번입니다.",1
claude-3-5-haiku-20241022,./data/data_exq.json,다음 중 단층 퍼셉트론에 대한 설명으로 올바른 것은?,"선택지:
1번 - 강화학습 방식으로 학습한다.
2번 - XOR 문제를 풀기할 수 있도록 학습할 수 있다.
3번 - 선형 결정경계를 형성할 수 있도록 학습할 수 있다.
4번 - 군집화에 사용되는 신경회로망 모델이다.","이 문제를 단계별로 분석해보겠습니다.

1. 단층 퍼셉트론(Single Layer Perceptron)의 특징을 먼저 이해해야 합니다.

2. 각 선택지를 검토하겠습니다:
   - 강화학습 방식으로 학습한다: 틀렸습니다. 단층 퍼셉트론은 지도학습 방식입니다.
   
   - XOR 문제를 풀기할 수 있도록 학습할 수 있다: 틀렸습니다. 단층 퍼셉트론은 XOR 문제를 해결할 수 없습니다.
   
   - 선형 결정경계를 형성할 수 있도록 학습할 수 있다: 맞습니다! 단층 퍼셉트론은 선형 분류 문제를 해결하는 데 적합합니다.
   
   - 군집화에 사용되는 신경회로망 모델이다: 틀렸습니다. 군집화는 다른 알고리즘을 사용합니다.

3. 따라서 정답은 3번입니다.

정답: 3",3
claude-3-5-haiku-20241022,./data/data_exq.json,트리 탐색의 결과로 전역 최적값이 보장되는 기법은?,"선택지:
1번 - 너비 우선 탐색(breadth-first search)
2번 - 허용성(admissibility)을 갖지 않는 A* 알고리즘
3번 - 언덕 오르기 방법(hill climbing method)
4번 - 탐색 깊이 제한이 있는 깊이 우선 탐색(depth-first search)","이 문제를 단계별로 분석해보겠습니다.

1. 트리 탐색에서 전역 최적값이 보장되기 위해서는 다음 조건이 필요합니다:
- 모든 가능한 경로를 완전히 탐색해야 함
- 최적해를 놓치지 않아야 함

2. 각 선택지를 검토해보겠습니다:
- 너비 우선 탐색(BFS): 
  - 모든 노드를 깊이 순서대로 탐색
  - 최단 경로를 보장
  - 전역 최적값 보장 가능

- A* 알고리즘(비허용성): 
  - 항상 최적해를 보장하지 않음

- 언덕 오르기 방법: 
  - 지역 최적값에 갇힐 수 있음
  - 전역 최적값 보장 안 됨

- 제한된 깊이 우선 탐색:
  - 모든 경로를 탐색하지 못함
  - 최적값 보장 불가능

3. 결론: 전역 최적값을 보장하는 방법은 너비 우선 탐색입니다.

정답은 1번 ""너비 우선 탐색(breadth-first search)""입니다.",1
claude-3-5-haiku-20241022,./data/data_exq.json,오차 역전파 모델에서 경사하강법에 따라 연결 가중치 W를 학습할 때 사용할 수 있는 관성항의 용도는 무엇인가?,"선택지:
1번 - 단층 퍼셉트론으로 비선형 경계를 학습할 수 있게 한다
2번 - 자율학습 방식으로 학습하기 위해 사용한다.
3번 - 활성함수를 제거할 수 있게 한다.
4번 - 지역최소치 문제나 고원 문제를 개선한다.","이 문제를 단계별로 분석해보겠습니다.

1. 관성항(Momentum Term)의 기본 개념 이해
- 관성항은 경사하강법에서 이전 가중치 변화의 일부를 현재 가중치 변화에 추가하는 방법입니다.

2. 관성항의 주요 목적 파악
- 최적화 과정에서 지역 최소치(local minimum)에 빠지는 문제를 완화
- 고원(plateau) 지역에서 학습 속도를 개선
- 최적화 과정의 진동을 감소시키고 더 빠른 수렴을 도움

3. 선택지 분석
- 1번: 비선형 경계 학습과는 무관
- 2번: 자율학습과 직접적 연관 없음
- 3번: 활성함수 제거와는 관련 없음
- 4번: 지역최소치와 고원 문제 개선에 정확히 부합

4. 결론
정답은 4번 ""지역최소치 문제나 고원 문제를 개선한다.""입니다.",4
claude-3-5-haiku-20241022,./data/data_exq.json,다음 중 심층 신경망에서 출력층의 오차에 따른 연결가중치의 변화량이 입력층 방향으로 내려갈수록 크게 감소하여 학습이 진행되지 않는 문제를 일컫는 것은?,"선택지:
1번 - 지역 최소치 문제
2번 - 경사 소멸 문제
3번 - 과적합 문제
4번 - 능선 문제","이 문제를 단계별로 해결해 나가겠습니다.

1. 문제 분석
- 심층 신경망(딥러닝)에서 발생하는 가중치 학습 관련 문제를 묻고 있습니다.
- 출력층에서 입력층 방향으로 갈수록 오차 역전파 시 가중치 변화량이 크게 감소한다는 특징이 있습니다.

2. 각 선택지 검토
- 지역 최소치 문제: 최적의 해를 찾지 못하고 국소적인 최소점에 갇히는 문제
- 경사 소멸 문제: 역전파 과정에서 기울기가 점점 작아져 학습이 제대로 되지 않는 문제
- 과적합 문제: 훈련 데이터에 지나치게 맞추어져 일반화 성능이 떨어지는 문제
- 능선 문제: 최적화 과정에서 진동이 발생하는 문제

3. 문제 설명과 일치하는 선택지 확인
- ""출력층에서 입력층 방향으로 갈수록 오차에 따른 연결가중치의 변화량이 크게 감소""
- 이는 경사 소멸 문제(Vanishing Gradient Problem)를 정확히 설명합니다.

4. 정답 선택
정답은 2번 ""경사 소멸 문제""입니다.",2
claude-3-5-haiku-20241022,./data/data_exq.json,CNN 모델에서 필터를 적용함으로써 특징을 검출하는 역할을 하는 층은?,"선택지:
1번 - ReLU 층
2번 - 통합(pooling)층
3번 - 완전연결층
4번 - 합성곱(convolution)층","이 문제를 단계별로 풀어보겠습니다:

1. CNN(합성곱 신경망)의 기본 구조를 생각해봅시다.
   - CNN은 주로 합성곱층, 활성화층, 풀링층으로 구성됩니다.

2. 각 층의 역할을 살펴보겠습니다:
   - 합성곱층: 입력 이미지에 필터(커널)를 적용하여 특징을 추출하는 핵심 층
   - ReLU층: 비선형성을 추가하는 활성화 함수 층
   - 풀링층: 특징 맵의 크기를 줄이고 중요한 특징을 유지하는 층
   - 완전연결층: 최종 분류를 수행하는 층

3. 문제의 핵심은 ""필터를 적용함으로써 특징을 검출하는 층""입니다.

4. 이 설명에 정확히 부합하는 층은 합성곱(convolution)층입니다.

따라서 정답은 4번 합성곱(convolution)층입니다.",4
claude-3-5-haiku-20241022,./data/data_exq.json,"제한 볼츠만 머신과 같은 자율학습 신경망을 여러 층 쌓은 모델로, 학습표본 집합의 확률 분포를 학습할 수 있는 확률적 심층 신경망 모델에 해당되는 것은?","선택지:
1번 - 심층 신뢰망(deep belief nets)
2번 - LVQ(Learning Vector Quantization)
3번 - ReLU(Rectified Linear Unit)
4번 - 볼츠만 머신(Boltzmann machine)","이 문제를 단계별로 분석해보겠습니다.

1. 문제의 핵심 키워드 분석
- 제한 볼츠만 머신
- 자율학습 신경망
- 여러 층 쌓은 모델
- 확률 분포 학습
- 확률적 심층 신경망

2. 선택지 검토
1) 심층 신뢰망(deep belief nets)
- 제한 볼츠만 머신을 여러 층으로 쌓은 구조
- 확률적 학습 가능
- 비지도 학습 특성

2) LVQ: 지도학습 알고리즘
3) ReLU: 활성화 함수
4) 볼츠만 머신: 원래 모델이지만 제한되지 않은 형태

3. 최종 판단
- 문제의 모든 조건을 정확히 만족하는 모델은 심층 신뢰망

정답은 1번 ""심층 신뢰망(deep belief nets)""입니다.",1
claude-3-5-haiku-20241022,./data/data_hf.json,우리가 비용 함수의 기울기를 계산하고 그 결과를 벡터 g에 저장했다고 가정합시다. 기울기를 주어진 상태에서 하나의 경사 하강법 업데이트에 드는 비용은 무엇인가요?,"선택지:
1번 - O(4)
2번 - O(N)
3번 - O(N4)
4번 - O(N4^2)","이 문제를 단계별로 풀어보겠습니다:

1. 경사 하강법 업데이트의 기본 과정 이해
- 기울기 벡터 g를 이용해 가중치 벡터를 업데이트합니다.
- 업데이트 과정에서 어떤 연산들이 필요한지 살펴보겠습니다.

2. 연산의 복잡도 분석
- 기울기 벡터 g의 크기: N (입력 데이터의 차원)
- 기울기 벡터의 각 원소에 학습률(learning rate)을 곱하고 가중치 벡터에서 빼는 연산 필요
- 이 과정은 벡터의 각 원소에 대해 한 번씩 반복됨

3. 시간 복잡도 계산
- 벡터의 각 원소를 한 번씩 처리하므로 O(N) 시간이 소요됨

4. 정답 선택
- O(N)이 가장 적절한 시간 복잡도입니다.

따라서 정답은 2번 O(N)입니다.",1
claude-3-5-haiku-20241022,./data/data_hf.json,"문장 1| 연속 확률 변수 x와 그 확률 분포 함수 p(x)에 대해, 모든 x에 대해 0≤p(x)≤1 이 성립한다. 문장 2| 결정 트리는 정보 이득을 최소화하여 학습된다.","선택지:
1번 - 참, 참
2번 - 거짓, 거짓
3번 - 참, 거짓
4번 - 거짓, 참","문제를 단계별로 분석해 보겠습니다.

1. 문장 1: ""연속 확률 변수 x와 그 확률 분포 함수 p(x)에 대해, 모든 x에 대해 0≤p(x)≤1 이 성립한다.""
- 확률 분포 함수의 기본 성질은 모든 x에 대해 확률값이 0과 1 사이여야 합니다.
- 이는 참입니다.

2. 문장 2: ""결정 트리는 정보 이득을 최소화하여 학습된다.""
- 결정 트리는 실제로 정보 이득(Information Gain)을 최대화하여 학습합니다.
- 정보 이득을 최소화하는 것이 아니라 최대화하는 것이 맞습니다.
- 따라서 이 문장은 거짓입니다.

정답은 ""참, 거짓""을 의미하는 3번입니다.",2
claude-3-5-haiku-20241022,./data/data_hf.json,"문장 1| 연속 확률 변수 x와 그 확률 분포 함수 p(x)에 대해, 모든 x에 대해 0≤p(x)≤1 이 성립한다. 문장 2| 결정 트리는 정보 이득을 최소화하여 학습된다.","선택지:
1번 - 참, 참
2번 - 거짓, 거짓
3번 - 참, 거짓
4번 - 거짓, 참","각 문장을 단계별로 분석해보겠습니다.

문장 1: ""연속 확률 변수 x와 그 확률 분포 함수 p(x)에 대해, 모든 x에 대해 0≤p(x)≤1 이 성립한다.""
- 확률 분포 함수의 기본 조건은 모든 x에 대해 확률값이 0과 1 사이여야 합니다.
- 따라서 이 문장은 참입니다.

문장 2: ""결정 트리는 정보 이득을 최소화하여 학습된다.""
- 결정 트리는 정보 이득을 최대화하여 학습됩니다. 즉, 엔트로피를 최소화하는 방향으로 학습합니다.
- ""최소화""라는 표현은 잘못되었습니다.
- 따라서 이 문장은 거짓입니다.

결론적으로, 첫 번째 문장은 참이고 두 번째 문장은 거짓입니다.

정답은: 1 (참, 거짓)",2
claude-3-5-haiku-20241022,./data/data_hf.json,아래 주어진 베이지안 네트워크를 고려하십시오. 이 베이지안 네트워크에 필요한 독립적인 파라미터의 수는 얼마인가요? H -> U <- P <- W,"선택지:
1번 - 2
2번 - 4
3번 - 8
4번 - 16","단계별로 풀이해보겠습니다.

1. 베이지안 네트워크의 구조 분석
• H → U ← P
• P → W
• 각 변수는 이진 변수(2가지 상태)라고 가정

2. 각 노드의 조건부 확률표(CPT) 계산
• H의 CPT: 1개 파라미터
• P의 CPT: 2개 파라미터 (H에 의존)
• U의 CPT: 4개 파라미터 (H와 P에 의존)
• W의 CPT: 2개 파라미터 (P에 의존)

3. 독립적인 파라미터 수 계산
• H: 1개
• P: 2개
• U: 4개
• W: 2개

4. 총 독립적인 파라미터 수
1 + 2 + 4 + 2 = 8개

따라서 정답은 8입니다.

답: 8",3
claude-3-5-haiku-20241022,./data/data_hf.json,"훈련 예제의 수가 무한대로 증가하면, 해당 데이터로 훈련된 모델은 다음과 같을 것입니다:","선택지:
1번 - 더 낮은 분산
2번 - 더 높은 분산
3번 - 같은 분산
4번 - 위의 어느 것도 아님","단계별로 생각해보겠습니다:

1. 분산(Variance)의 의미
- 분산은 모델이 훈련 데이터에 얼마나 민감한지를 나타냅니다
- 높은 분산은 과적합(overfitting)을, 낮은 분산은 모델의 일반화 능력을 의미합니다

2. 훈련 데이터 수와 분산의 관계
- 훈련 예제의 수가 무한대로 증가한다는 것은 모델이 데이터의 진정한 패턴을 더 정확하게 학습할 수 있음을 의미합니다
- 데이터가 많아질수록 모델은 특정 데이터점에 덜 의존하게 됩니다

3. 결론적 추론
- 훈련 예제 수가 무한대로 증가하면 모델의 분산은 감소할 것입니다
- 더 많은 데이터는 모델의 불확실성을 줄이고 더 안정적인 추정을 가능하게 합니다

따라서 정답은 ""1. 더 낮은 분산""입니다.",1
claude-3-5-haiku-20241022,./data/data_hf.json,문장 1| 2D 평면에서 모든 직사각형 집합(축에 정렬되지 않은 직사각형도 포함)은 5개의 점 집합을 깨뜨릴 수 있다. 문장 2| k = 1일 때 k-최근접 이웃 분류기의 VC 차원은 무한하다.,"선택지:
1번 - 참, 참
2번 - 거짓, 거짓
3번 - 참, 거짓
4번 - 거짓, 참","이 문제를 단계별로 분석해보겠습니다.

1. 문장 1 분석: ""2D 평면에서 모든 직사각형 집합(축에 정렬되지 않은 직사각형도 포함)은 5개의 점 집합을 깨뜨릴 수 있다.""
- 이는 VC 차원(Vapnik-Chervonenkis dimension)과 관련된 문제입니다.
- 직사각형 클래스의 VC 차원은 5입니다.
- 이는 5개의 점을 어떤 방식으로든 분류할 수 있지만, 6개의 점은 분류할 수 없음을 의미합니다.
- 따라서 이 문장은 참입니다.

2. 문장 2 분석: ""k = 1일 때 k-최근접 이웃 분류기의 VC 차원은 무한하다.""
- k-최근접 이웃(k-NN) 분류기는 k=1일 때 특이한 성질을 가집니다.
- k=1일 때, 분류기는 훈련 데이터의 각 점을 완벽하게 분류할 수 있습니다.
- 그러나 이는 VC 차원이 무한하다는 의미는 아닙니다.
- 실제로 k=1 k-NN 분류기의 VC 차원은 유한합니다.
- 따라서 이 문장은 거짓입니다.

결론:
- 문장 1: 참
- 문장 2: 거짓

정답은 ""참, 거짓""에",1
claude-3-5-haiku-20241022,./data/data_hf.json,_는 훈련 데이터를 모델링할 수도 없고 새로운 데이터로 일반화할 수도 없는 모델을 나타낸다.,"선택지:
1번 - 잘 맞는 모델
2번 - 과적합
3번 - 과소적합
4번 - 위의 모든 항목","이 문제를 단계별로 풀어보겠습니다.

1. 먼저 키워드를 분석해보겠습니다:
- ""훈련 데이터를 모델링할 수도 없고""
- ""새로운 데이터로 일반화할 수도 없는""

2. 각 선택지의 의미를 살펴보겠습니다:
- 잘 맞는 모델: 데이터를 잘 표현하는 모델
- 과적합: 훈련 데이터에 지나치게 맞춰져 새로운 데이터에 대해 일반화 능력이 떨어지는 모델
- 과소적합: 모델이 데이터의 패턴을 충분히 학습하지 못한 상태
- 위의 모든 항목: 모든 선택지를 포함

3. 문제의 설명과 가장 잘 맞는 개념을 찾아보겠습니다:
- ""데이터를 모델링할 수 없고 일반화도 못한다""는 설명은 과소적합의 특징과 정확히 일치합니다.

4. 따라서 정답은 3번 ""과소적합""입니다.

정답: 3",3
claude-3-5-haiku-20241022,./data/data_hf.json,문장 1| F1 점수는 클래스 불균형이 큰 데이터셋에서 특히 유용할 수 있다. 문장 2| ROC 곡선 아래 면적은 이상 탐지기를 평가하는 데 사용되는 주요 지표 중 하나이다.,"선택지:
1번 - 참, 참
2번 - 거짓, 거짓
3번 - 참, 거짓
4번 - 거짓, 참","이 문제를 단계별로 해결해 보겠습니다.

1. 문장 1 분석: ""F1 점수는 클래스 불균형이 큰 데이터셋에서 특히 유용할 수 있다.""
- F1 점수는 정밀도와 재현율의 조화평균으로, 불균형 데이터셋에서 성능을 평가하는 데 매우 유용합니다.
- 따라서 이 문장은 '참'입니다.

2. 문장 2 분석: ""ROC 곡선 아래 면적은 이상 탐지기를 평가하는 데 사용되는 주요 지표 중 하나이다.""
- ROC 곡선 아래 면적(AUC-ROC)은 이진 분류 모델의 성능을 평가하는 데 사용되는 지표입니다.
- 이상 탐지에서도 사용되지만, 이는 주요 지표 중 하나일 뿐입니다.
- 따라서 이 문장은 '참'입니다.

3. 선택지 확인:
- 선택지 중 ""참, 참""에 해당하는 옵션을 찾아야 합니다.

정답은 2번 ""참, 참""입니다.",1
claude-3-5-haiku-20241022,./data/data_hf.json,문장 1| 역전파 알고리즘은 숨겨진 층을 가진 전역 최적 신경망을 학습한다. 문장 2| 직선의 VC 차원은 최대 2여야 한다. 왜냐하면 3개의 점 중 어떤 직선으로도 분리할 수 없는 경우가 적어도 하나 존재하기 때문이다.,"선택지:
1번 - 참, 참
2번 - 거짓, 거짓
3번 - 참, 거짓
4번 - 거짓, 참","이 문제를 단계별로 분석해보겠습니다.

1. 문장 1 분석: ""역전파 알고리즘은 숨겨진 층을 가진 전역 최적 신경망을 학습한다.""
- 역전파 알고리즘은 신경망의 가중치를 학습하는 방법입니다.
- 그러나 ""전역 최적"" 신경망을 학습한다는 표현은 정확하지 않습니다.
- 역전파는 지역 최적해를 찾을 수 있지만, 항상 전역 최적해를 보장하지는 않습니다.
- 따라서 이 문장은 거짓입니다.

2. 문장 2 분석: ""직선의 VC 차원은 최대 2여야 한다. 왜냐하면 3개의 점 중 어떤 직선으로도 분리할 수 없는 경우가 적어도 하나 존재하기 때문이다.""
- VC 차원은 분류기가 shatter할 수 있는 최대 포인트 수를 의미합니다.
- 직선의 VC 차원은 실제로 3입니다.
- 3개의 점을 적절한 직선으로 완전히 분리할 수 있습니다.
- 따라서 이 문장도 거짓입니다.

정답은 ""거짓, 거짓""입니다.

따라서 선택지 중 ""참, 참, 거짓, 거짓, 참, 거짓, 거짓, 참""에서 4번째 선택지를 선택",2
claude-3-5-haiku-20241022,./data/data_hf.json,높은 엔트로피는 분류에서 분할이,"선택지:
1번 - 순수하다
2번 - 순수하지 않다
3번 - 유용하다
4번 - 쓸모없다","이 문제를 단계별로 접근해보겠습니다.

1. 엔트로피의 개념 이해
- 엔트로피는 무질서도를 나타내는 지표입니다.
- 머신러닝에서 엔트로피는 데이터의 혼잡도를 측정합니다.

2. 분류(Classification)에서 엔트로피의 의미
- 높은 엔트로피는 데이터가 무질서하고 불순한 상태를 의미합니다.
- 분류 알고리즘의 목표는 데이터를 최대한 순수한 그룹으로 분할하는 것입니다.

3. 높은 엔트로피의 특징
- 높은 엔트로피는 데이터가 잘 분류되지 않았음을 의미합니다.
- 즉, 분할이 순수하지 않다는 뜻입니다.

4. 정답 선택
- ""순수하지 않다""가 가장 적절한 답변입니다.

정답: 2. 순수하지 않다",2
claude-3-5-haiku-20241022,./data/data_hf.json,"문장 1| 레이어 정규화는 원본 ResNet 논문에서 사용되었고, 배치 정규화는 사용되지 않았다. 문장 2| DCGAN은 훈련 안정화를 위해 자기 주의를 사용한다.","선택지:
1번 - 참, 참
2번 - 거짓, 거짓
3번 - 참, 거짓
4번 - 거짓, 참","이 문제를 단계별로 풀어보겠습니다:

1. 첫 번째 문장 검증: ""레이어 정규화는 원본 ResNet 논문에서 사용되었고, 배치 정규화는 사용되지 않았다.""
- 원본 ResNet 논문(He et al., 2015)에서는 배치 정규화(Batch Normalization)를 사용했습니다.
- 레이어 정규화(Layer Normalization)는 사용하지 않았습니다.
- 따라서 이 문장은 거짓입니다.

2. 두 번째 문장 검증: ""DCGAN은 훈련 안정화를 위해 자기 주의를 사용한다.""
- DCGAN(Deep Convolutional Generative Adversarial Networks)은 배치 정규화와 트랜스포즈 컨볼루션을 사용하지만, 자기 주의(Self-Attention)는 사용하지 않습니다.
- 자기 주의는 주로 후속 연구인 SAGAN(Self-Attention GAN)에서 도입되었습니다.
- 따라서 이 문장도 거짓입니다.

결론적으로 두 문장 모두 거짓입니다.

정답은 ""거짓, 거짓""입니다.",2
claude-3-5-haiku-20241022,./data/data_hf.json,"특정 데이터셋에 대해 선형 회귀 모델을 구축할 때, 하나의 특성의 계수가 상대적으로 높은 음수 값을 가짐을 관찰한다. 이는 다음을 시사한다:","선택지:
1번 - 이 특성은 모델에 강한 영향을 미친다(유지해야 함)
2번 - 이 특성은 모델에 강한 영향을 미치지 않는다(무시해야 함)
3번 - 이 특성의 중요성에 대해 추가 정보 없이는 언급할 수 없다
4번 - 무엇도 결정할 수 없다","이 문제를 단계별로 분석해보겠습니다:

1. 선형 회귀 모델에서 특성의 계수는 해당 특성이 종속 변수에 미치는 영향을 나타냅니다.

2. 계수가 높은 음수 값을 가진다는 것은:
   - 이 특성이 모델의 예측에 상당한 영향을 미친다는 의미입니다.
   - 특성 값이 증가할 때 종속 변수가 크게 감소함을 나타냅니다.

3. 이러한 상황에서는:
   - 해당 특성이 모델에 중요한 정보를 제공하고 있음을 의미합니다.
   - 모델의 성능에 중요한 역할을 하고 있을 가능성이 높습니다.

4. 따라서, 이 특성은 모델에 강한 영향을 미치므로 유지해야 합니다.

정답은 1번: ""이 특성은 모델에 강한 영향을 미친다(유지해야 함)""입니다.",3
claude-3-5-haiku-20241022,./data/data_hf.json,"신경망에서, 과소적합(즉, 높은 편향 모델)과 과적합(즉, 높은 분산 모델) 사이의 균형에 가장 큰 영향을 미치는 구조적 가정은 무엇인가?","선택지:
1번 - 숨겨진 노드의 수
2번 - 학습률
3번 - 초기 가중치 선택
4번 - 상수항 입력 유닛 사용","이 문제를 단계별로 분석해보겠습니다:

1. 과소적합과 과적합의 개념 이해
- 과소적합: 모델이 데이터의 기본 패턴을 충분히 포착하지 못하는 상태
- 과적합: 모델이 학습 데이터의 노이즈까지 학습하여 일반화 성능이 떨어지는 상태

2. 각 선택지 검토
- 학습률: 모델 학습 속도에 영향
- 초기 가중치 선택: 학습 초기 상태에 영향
- 상수항 입력 유닛: 모델의 기본적인 표현력에 영향
- 숨겨진 노드의 수: 모델의 복잡도와 직접적으로 연관

3. 핵심 분석
- 숨겨진 노드의 수가 모델의 표현력과 복잡도를 직접 결정
- 노드 수가 적으면 과소적합, 노드 수가 많으면 과적합 발생 가능

4. 결론
정답은 1번 ""숨겨진 노드의 수""입니다.",1
claude-3-5-haiku-20241022,./data/data_hf.json,"다항 회귀에서, 과소적합과 과적합 사이의 균형에 가장 큰 영향을 미치는 구조적 가정은 무엇인가?","선택지:
1번 - 다항식의 차수
2번 - 가중치를 행렬 역산법 또는 경사 하강법으로 학습할지 여부
3번 - 가우시안 잡음의 가정된 분산
4번 - 상수항 입력 유닛 사용","단계별로 생각해보겠습니다.

1. 과소적합과 과적합의 개념 이해
- 과소적합: 모델이 데이터의 기본 구조를 충분히 포착하지 못하는 상태
- 과적합: 모델이 훈련 데이터의 잡음까지 학습하여 일반화 성능이 떨어지는 상태

2. 다항 회귀에서 모델의 복잡도에 가장 큰 영향을 미치는 요소 분석
- 다항식의 차수가 모델의 복잡도를 직접적으로 결정
- 차수가 높아질수록 모델의 유연성이 증가하고 데이터의 세부 패턴을 더 잘 포착할 수 있음

3. 다른 선택지들의 영향력 검토
- 학습 방법(가중치 행렬 역산 또는 경사 하강법)은 직접적인 영향 없음
- 가우시안 잡음의 분산은 모델 복잡도와 직접적 관련 없음
- 상수항 입력 유닛은 모델 복잡도에 미미한 영향

4. 결론
다항식의 차수가 과소적합과 과적합 사이의 균형에 가장 큰 영향을 미칩니다.

정답: 1 (다항식의 차수)",1
claude-3-5-haiku-20241022,./data/data_hf.json,"문장 1| 2020년 기준으로, 일부 모델은 CIFAR-10에서 98% 이상의 정확도를 달성한다. 문장 2| 원래 ResNet은 Adam 옵티마이저로 최적화되지 않았다.","선택지:
1번 - 참, 참
2번 - 거짓, 거짓
3번 - 참, 거짓
4번 - 거짓, 참","문제를 단계별로 분석해보겠습니다.

1. 문장 1 분석: ""2020년 기준으로, 일부 모델은 CIFAR-10에서 98% 이상의 정확도를 달성한다.""
- CIFAR-10은 이미지 분류 데이터셋입니다.
- 딥러닝 모델의 성능이 지속적으로 발전하고 있어서, 2020년에 일부 고급 모델들은 98% 이상의 정확도를 달성했을 가능성이 높습니다.
- 따라서 이 문장은 참입니다.

2. 문장 2 분석: ""원래 ResNet은 Adam 옵티마이저로 최적화되지 않았다.""
- ResNet은 2015년 He et al.에 의해 제안된 딥러닝 모델입니다.
- 원래 논문에서는 SGD(Stochastic Gradient Descent)와 momentum을 사용했습니다.
- 따라서 이 문장도 참입니다.

결론적으로, 두 문장 모두 참입니다.

정답은 ""참, 참""입니다.",1
claude-3-5-haiku-20241022,./data/data_hf.json,K-평균 알고리즘은:,"선택지:
1번 - 특징 공간의 차원이 샘플 수보다 커서는 안 된다
2번 - K = 1일 때 목적 함수의 값이 가장 작다
3번 - 주어진 클러스터 수에 대해 클래스 내 분산을 최소화한다
4번 - 초기 중심이 샘플 중 일부로 선택된 경우에만 전역 최적점으로 수렴한다","이 문제를 단계별로 분석해보겠습니다.

1. K-평균 알고리즘의 핵심 특징을 하나씩 검토하겠습니다.

2. 첫 번째 선택지: ""특징 공간의 차원이 샘플 수보다 커서는 안 된다""
- 이는 일반적인 차원의 저주(curse of dimensionality)와 관련된 문제입니다.
- K-평균 알고리즘에 직접적으로 연관되지 않습니다.

3. 두 번째 선택지: ""K = 1일 때 목적 함수의 값이 가장 작다""
- K-평균 알고리즘은 클러스터 수 K에 따라 작동합니다.
- K = 1은 모든 데이터를 하나의 클러스터로 취급하는 것을 의미합니다.
- 이 문장은 정확하지 않습니다.

4. 세 번째 선택지: ""주어진 클러스터 수에 대해 클래스 내 분산을 최소화한다""
- 이것이 K-평균 알고리즘의 핵심 목적입니다.
- 각 클러스터 내부의 데이터 포인트들이 중심(centroid)에 최대한 가깝게 군집되도록 합니다.

5. 네 번째 선택지: ""초기 중심이 샘플 중 일부로 선택된 경우에만 전역 최적점으로 수렴한다""
- K-평균 알고리즘은 초기 중심 선택",3
claude-3-5-haiku-20241022,./data/data_hf.json,문장 1| VGGNet은 AlexNet의 첫 번째 층 커널보다 더 작은 너비와 높이를 가진 합성곱 커널을 가지고 있다. 문장 2| 데이터 의존적인 가중치 초기화 절차는 배치 정규화 이전에 도입되었다.,"선택지:
1번 - 참, 참
2번 - 거짓, 거짓
3번 - 참, 거짓
4번 - 거짓, 참","이 문제를 단계별로 분석해보겠습니다.

1. 문장 1: ""VGGNet은 AlexNet의 첫 번째 층 커널보다 더 작은 너비와 높이를 가진 합성곱 커널을 가지고 있다.""
- VGGNet의 특징은 3x3 크기의 작은 합성곱 커널을 사용한 것입니다.
- AlexNet은 11x11, 5x5와 같은 큰 커널을 사용했습니다.
- 따라서 이 문장은 '참'입니다.

2. 문장 2: ""데이터 의존적인 가중치 초기화 절차는 배치 정규화 이전에 도입되었다.""
- 배치 정규화(Batch Normalization)는 2015년에 제안되었습니다.
- 데이터 의존적인 가중치 초기화 방법들(예: Xavier/He 초기화)도 비슷한 시기에 제안되었습니다.
- 이 문장의 정확성을 확신할 수 없습니다.

따라서 정답은 ""참, 참""에 해당하는 선택지입니다.",1
claude-3-5-haiku-20241022,./data/data_hf.json,"다음 행렬의 랭크는 얼마인가? A = [[1, 1, 1], [1, 1, 1], [1, 1, 1]]","선택지:
1번 - 0
2번 - 1
3번 - 2
4번 - 3","단계별로 해결해보겠습니다.

1. 랭크(rank)의 정의:
- 행렬의 랭크는 행렬의 독립적인 행 또는 열의 최대 개수를 의미합니다.

2. 주어진 행렬 분석:
A = [[1, 1, 1], 
     [1, 1, 1], 
     [1, 1, 1]]

3. 행렬의 특징 확인:
- 모든 행과 열의 값이 1로 동일합니다.
- 이는 모든 행이 서로 선형 종속(linearly dependent)임을 의미합니다.

4. 랭크 판단:
- 모든 행이 동일하므로 독립적인 행은 1개뿐입니다.
- 따라서 이 행렬의 랭크는 1입니다.

5. 정답 선택:
답은 1입니다.

정답: 1",2
claude-3-5-haiku-20241022,./data/data_hf.json,문장 1| 밀도 추정(예: 커널 밀도 추정기 사용)은 분류를 수행하는 데 사용할 수 있다. 문장 2| 로지스틱 회귀와 가우시안 나이브 베이즈(동일 클래스 공분산을 가진) 간의 대응 관계는 두 분류기의 매개변수 간에 일대일 대응이 있음을 의미한다.,"선택지:
1번 - 참, 참
2번 - 거짓, 거짓
3번 - 참, 거짓
4번 - 거짓, 참","이 문제를 단계별로 해결해 보겠습니다.

1. 첫 번째 문장 분석: ""밀도 추정(예: 커널 밀도 추정기 사용)은 분류를 수행하는 데 사용할 수 있다.""
- 커널 밀도 추정(KDE)은 데이터의 확률 밀도 함수를 추정하는 방법입니다.
- 이를 통해 데이터의 분포를 파악하고, 분류 문제에 적용할 수 있습니다.
- 따라서 이 문장은 참입니다.

2. 두 번째 문장 분석: ""로지스틱 회귀와 가우시안 나이브 베이즈(동일 클래스 공분산을 가진) 간의 대응 관계는 두 분류기의 매개변수 간에 일대일 대응이 있음을 의미한다.""
- 로지스틱 회귀와 가우시안 나이브 베이즈는 서로 다른 알고리즘입니다.
- 동일 클래스 공분산을 가진 가우시안 나이브 베이즈는 선형 판별 분석(LDA)과 유사한 특성을 가집니다.
- 하지만 이 두 알고리즘의 매개변수 간에 일대일 대응이 있다는 주장은 정확하지 않습니다.
- 따라서 이 문장은 거짓입니다.

3. 주어진 선택지 검토:
- 선택지는 ""참, 참, 거짓,",3
claude-3-5-haiku-20241022,./data/data_hf.json,우리가 집들의 기하학적 위치와 같은 공간 데이터를 클러스터링하려고 한다고 가정합시다. 우리는 크기와 형태가 다른 여러 클러스터를 만들고자 합니다. 다음 방법 중 가장 적합한 방법은 무엇인가요?,"선택지:
1번 - 결정 트리
2번 - 밀도 기반 클러스터링
3번 - 모델 기반 클러스터링
4번 - K-평균 클러스터링","이 문제를 단계별로 접근해보겠습니다.

1. 문제 분석
- 공간 데이터(집의 위치)를 클러스터링
- 크기와 형태가 다양한 클러스터를 원함

2. 각 클러스터링 방법 검토
- K-평균 클러스터링: 
  • 균등한 크기의 구형 클러스터에 적합
  • 공간 데이터의 복잡성을 잘 반영하지 못함

- 결정 트리: 
  • 분류에 적합하지만, 클러스터링에는 한계

- 모델 기반 클러스터링: 
  • 데이터의 통계적 분포 가정
  • 유연성이 다소 부족할 수 있음

- 밀도 기반 클러스터링(DBSCAN):
  • 임의의 형태와 크기의 클러스터 생성 가능
  • 공간 데이터에 매우 적합
  • 밀도가 낮은 영역은 노이즈로 처리

3. 결론
가장 적합한 방법은 '밀도 기반 클러스터링'입니다.

정답: 2번 (밀도 기반 클러스터링)",2
claude-3-5-haiku-20241022,./data/data_hf.json,문장 1| AdaBoost에서 잘못 분류된 예제들의 가중치는 동일한 곱셈 인자만큼 증가한다. 문장 2| AdaBoost에서 t번째 약한 분류기의 훈련 데이터에 대한 가중 훈련 오류 e_t는 t에 따라 증가하는 경향이 있다.,"선택지:
1번 - 참, 참
2번 - 거짓, 거짓
3번 - 참, 거짓
4번 - 거짓, 참","이 문제를 단계별로 분석해보겠습니다.

1. 문장 1 분석: ""AdaBoost에서 잘못 분류된 예제들의 가중치는 동일한 곱셈 인자만큼 증가한다.""
- AdaBoost의 핵심 메커니즘은 잘못 분류된 예제의 가중치를 높이는 것입니다.
- 가중치는 exp(α)라는 지수 함수로 증가하며, 이는 동일한 곱셈 인자가 아닙니다.
- 따라서 이 문장은 ""거짓""입니다.

2. 문장 2 분석: ""AdaBoost에서 t번째 약한 분류기의 훈련 데이터에 대한 가중 훈련 오류 e_t는 t에 따라 증가하는 경향이 있다.""
- AdaBoost에서 t가 증가할수록 e_t는 오히려 감소하는 경향이 있습니다.
- 초기 약한 분류기들은 높은 오류율을 가지지만, 이후 분류기들은 점점 더 정확해집니다.
- 따라서 이 문장도 ""거짓""입니다.

결론적으로, 두 문장 모두 거짓입니다.

정답은 ""거짓, 거짓""입니다.",1
claude-3-5-haiku-20241022,./data/data_hf.json,MLE 추정치는 종종 바람직하지 않은데 그 이유는 무엇인가요?,"선택지:
1번 - 편향이 있다
2번 - 분산이 크다
3번 - 일관된 추정자가 아니다
4번 - 위의 어느 것도 아님","이 문제를 단계별로 풀이해보겠습니다.

1. MLE(최대우도추정법, Maximum Likelihood Estimation)의 특성 이해
- MLE는 주어진 데이터에서 가장 가능성이 높은 모수(parameter)를 추정하는 방법
- 대부분의 상황에서 MLE는 좋은 추정 방법으로 알려져 있음

2. MLE의 잠재적 한계 분석
- 편향(Bias): 일부 상황에서 MLE는 편향된 추정치를 제공할 수 있음
- 분산(Variance): 샘플 크기가 작을 때 MLE의 분산이 클 수 있음
- 일관성(Consistency): 모든 상황에서 MLE가 일관된 추정자가 아닐 수 있음

3. 문제의 핵심 선택
- 분산이 크다는 점이 MLE의 주요 단점 중 하나
- 특히 작은 표본에서 MLE는 높은 분산을 가질 수 있음

따라서 정답은 2번 ""분산이 크다""입니다.",2
claude-3-5-haiku-20241022,./data/data_hf.json,경사 하강법의 계산 복잡도는 무엇인가요?,"선택지:
1번 - 4에 대해 선형
2번 - N에 대해 선형
3번 - 4에 대해 다항식
4번 - 반복 횟수에 의존","단계별로 생각해보겠습니다:

1. 경사 하강법의 특성 이해
- 경사 하강법은 반복적인 최적화 알고리즘입니다.
- 각 반복마다 파라미터를 조금씩 업데이트합니다.

2. 계산 복잡도 분석
- 반복 횟수에 따라 알고리즘의 수행 시간이 달라집니다.
- 반복 횟수가 증가할수록 계산 시간도 증가합니다.

3. 선택지 검토
- ""반복 횟수에 의존""이 가장 정확한 설명입니다.
- 다른 선택지들은 경사 하강법의 특성을 제대로 반영하지 못합니다.

4. 최종 답
- 4번 ""반복 횟수에 의존"" 선택

정답은 4번입니다.",3
claude-3-5-haiku-20241022,./data/data_hf.json,여러 결정 트리의 출력을 평균내는 것은 _에 도움이 된다.,"선택지:
1번 - 편향 증가
2번 - 편향 감소
3번 - 분산 증가
4번 - 분산 감소","이 문제를 단계별로 해결해보겠습니다:

1. 먼저 결정 트리의 특성을 생각해보겠습니다:
- 단일 결정 트리는 학습 데이터에 과적합(overfitting)되기 쉽습니다.
- 이는 높은 분산(variance)과 낮은 편향(bias)을 의미합니다.

2. 여러 결정 트리의 출력을 평균내는 방법(앙상블 방법)을 고려해보겠습니다:
- 대표적으로 랜덤 포레스트(Random Forest)가 이런 방식입니다.
- 여러 트리의 예측을 평균내면 개별 트리의 과적합을 줄일 수 있습니다.

3. 이 과정의 영향을 분산과 편향 측면에서 생각해보겠습니다:
- 여러 트리의 평균은 분산을 감소시킵니다.
- 개별 트리의 과적합으로 인한 변동성을 줄이게 됩니다.

4. 따라서 정답은 ""분산 감소""입니다.

정답: 4 (분산 감소)",4
claude-3-5-haiku-20241022,./data/data_hf.json,"질병 D의 발생률이 100명 중 5명(즉, P(D) = 0.05)이라고 하자. 부울 랜덤 변수 D는 환자가 '질병 D를 가지고 있다'를 의미하고, 부울 랜덤 변수 TP는 '양성 반응을 나타낸다'를 의미한다. 질병 D에 대한 검사는 매우 정확한 것으로 알려져 있으며, 질병이 있을 때 양성 반응을 보일 확률은 0.99이고, 질병이 없을 때 음성 반응을 보일 확률은 0.97이다. P(TP), 즉 양성 반응을 나타낼 확률은 얼마인가?","선택지:
1번 - 0.0368
2번 - 0.473
3번 - 0.078
4번 - 위의 어느 것도 아님","단계별로 풀이해보겠습니다.

1. 주어진 정보 정리
• P(D) = 0.05 (질병 발생률)
• P(D') = 0.95 (질병 없을 확률)
• P(TP|D) = 0.99 (질병 있을 때 양성 반응 확률)
• P(TN|D') = 0.97 (질병 없을 때 음성 반응 확률)

2. 전체 양성 반응 확률 계산
P(TP) = P(TP|D) * P(D) + P(TP|D') * P(D')
       = 0.99 * 0.05 + (1-0.97) * 0.95
       = 0.0495 + 0.0285
       = 0.078

3. 답 확인
0.078은 보기 중 3번에 해당합니다.

따라서 정답은 3번입니다.",3
claude-3-5-haiku-20241022,./data/data_hf.json,다음 중 결정 트리를 가지치기 하는 주요 이유는 무엇인가요?,"선택지:
1번 - 테스트 중 계산 시간을 절약하기 위해
2번 - 결정 트리를 저장하기 위한 공간을 절약하기 위해
3번 - 훈련 세트 오류를 더 작게 만들기 위해
4번 - 훈련 세트의 과적합을 피하기 위해","단계별로 생각해보겠습니다.

1. 결정 트리 가지치기의 의미 이해
- 결정 트리는 학습 데이터에 너무 깊게 맞추어지면 과적합 문제가 발생할 수 있습니다.

2. 각 선택지 분석
- 첫 번째 선택지: 계산 시간 절약 → 부분적으로 맞지만 주요 목적은 아닙니다.
- 두 번째 선택지: 저장 공간 절약 → 부차적인 이유일 수 있습니다.
- 세 번째 선택지: 훈련 세트 오류 최소화 → 이는 오히려 과적합을 유발할 수 있습니다.
- 네 번째 선택지: 훈련 세트의 과적합 방지 → 결정 트리 가지치기의 핵심 목적입니다.

3. 결론
과적합을 방지하기 위해 결정 트리를 가지치기 합니다.

정답은 4번입니다.",4
claude-3-5-haiku-20241022,./data/data_hf.json,"모델이 과적합되고 있다고 가정했을 때, 과적합을 줄이기 위한 유효한 방법이 아닌 것은 무엇인가요?","선택지:
1번 - 훈련 데이터의 양을 증가시킨다.
2번 - 오류 최소화를 위한 최적화 알고리즘을 개선한다.
3번 - 모델의 복잡도를 줄인다.
4번 - 훈련 데이터의 노이즈를 줄인다.","단계별로 각 선택지를 분석해보겠습니다.

1. 훈련 데이터의 양을 증가시킨다.
- 과적합을 줄이는 유효한 방법입니다.
- 더 많은 데이터는 모델이 일반화를 더 잘 학습하게 합니다.

2. 오류 최소화를 위한 최적화 알고리즘을 개선한다.
- 이는 모델의 성능을 향상시키는 방법이지만, 과적합과 직접적인 연관성은 낮습니다.

3. 모델의 복잡도를 줄인다.
- 과적합을 줄이는 대표적인 방법입니다.
- 모델의 파라미터 수를 줄이거나 규제(Regularization)를 적용합니다.

4. 훈련 데이터의 노이즈를 줄인다.
- 노이즈 제거는 모델의 일반화 성능을 높이는 유효한 방법입니다.

따라서 과적합을 줄이는 데 가장 덜 효과적인 방법은 ""오류 최소화를 위한 최적화 알고리즘을 개선한다""입니다.

정답: 2",2
claude-3-5-haiku-20241022,./data/data_hf.json,문장 1| 소프트맥스 함수는 다중 클래스 로지스틱 회귀에서 일반적으로 사용된다. 문장 2| 비균등 소프트맥스 분포의 온도는 엔트로피에 영향을 미친다.,"선택지:
1번 - 참, 참
2번 - 거짓, 거짓
3번 - 참, 거짓
4번 - 거짓, 참","문제를 단계별로 분석해보겠습니다.

1. 문장 1: ""소프트맥스 함수는 다중 클래스 로지스틱 회귀에서 일반적으로 사용된다.""
- 소프트맥스 함수는 여러 클래스의 확률을 계산하는 데 사용됩니다.
- 다중 클래스 분류 문제에서 널리 활용됩니다.
- 따라서 이 문장은 '참'입니다.

2. 문장 2: ""비균등 소프트맥스 분포의 온도는 엔트로피에 영향을 미친다.""
- 소프트맥스 함수의 온도 파라미터는 분포의 평탄성에 영향을 줍니다.
- 온도가 엔트로피에 영향을 미칠 수 있습니다.
- 이 문장도 '참'으로 볼 수 있습니다.

따라서 정답은 2번 ""참, 참""입니다.",1
claude-3-5-haiku-20241022,./data/data_hf.json,다음 중 SVM에 대해 참인 것은 무엇인가요?,"선택지:
1번 - 2차원 데이터 포인트에 대해, 선형 SVM이 학습한 분리 초평면은 직선이 된다.
2번 - 이론적으로, 가우시안 커널 SVM은 복잡한 분리 초평면을 모델링할 수 없다.
3번 - SVM에서 사용되는 모든 커널 함수에 대해, 등가의 폐쇄형 기저 확장을 얻을 수 있다.
4번 - SVM에서 과적합은 지원 벡터의 수와는 관련이 없다.","단계별로 접근해보겠습니다:

1. 첫 번째 선택지: ""2차원 데이터 포인트에 대해, 선형 SVM이 학습한 분리 초평면은 직선이 된다.""
   - 2차원에서 선형 SVM의 분리 초평면은 직선입니다. 참입니다.

2. 두 번째 선택지: ""이론적으로, 가우시안 커널 SVM은 복잡한 분리 초평면을 모델링할 수 없다.""
   - 오히려 가우시안 커널(RBF 커널)은 비선형 분리 초평면을 모델링하는 데 매우 효과적입니다. 거짓입니다.

3. 세 번째 선택지: ""SVM에서 사용되는 모든 커널 함수에 대해, 등가의 폐쇄형 기저 확장을 얻을 수 있다.""
   - 이는 복잡한 수학적 주장으로, 모든 커널에 대해 성립하지 않습니다. 거짓입니다.

4. 네 번째 선택지: ""SVM에서 과적합은 지원 벡터의 수와는 관련이 없다.""
   - 실제로 지원 벡터의 수는 과적합과 밀접한 관련이 있습니다. 거짓입니다.

따라서 정답은 1번입니다.

정답: 1",1
claude-3-5-haiku-20241022,./data/data_hf.json,"주어진 베이지안 네트워크 H -> U <- P <- W에 의해 설명되는 H, U, P, W의 결합 확률은 무엇인가요? [조건부 확률의 곱으로서]","선택지:
1번 - P(H, U, P, W) = P(H) * P(W) * P(P) * P(U)
2번 - P(H, U, P, W) = P(H) * P(W) * P(P | W) * P(W | H, P)
3번 - P(H, U, P, W) = P(H) * P(W) * P(P | W) * P(U | H, P)
4번 - 위의 어느 것도 아님","단계별로 접근해보겠습니다:

1. 먼저 그래프 구조를 분석해보겠습니다:
- H -> U 
- U <- P 
- P <- W

2. 베이지안 네트워크의 결합 확률 분해 원칙을 적용하겠습니다.

3. 각 변수의 조건부 의존성을 고려해야 합니다:
- W는 P에 직접적인 영향을 줍니다
- H와 P는 U에 영향을 줍니다

4. 따라서 정확한 결합 확률 분해는:
   P(H, U, P, W) = P(H) * P(W) * P(P | W) * P(U | H, P)

5. 선택지를 검토해보면, 이는 3번 선택지와 정확히 일치합니다.

정답은 3번입니다: P(H, U, P, W) = P(H) * P(W) * P(P | W) * P(U | H, P)",3
claude-3-5-haiku-20241022,./data/data_hf.json,문장 1| ID3 알고리즘은 최적의 결정 트리를 찾을 수 있도록 보장된다. 문장 2| 밀도 함수 f()가 모든 곳에서 0이 아닌 연속 확률 분포를 고려하자. 값 x의 확률은 f(x)와 같다.,"선택지:
1번 - 참, 참
2번 - 거짓, 거짓
3번 - 참, 거짓
4번 - 거짓, 참","단계별로 각 문장을 분석해보겠습니다.

문장 1: ""ID3 알고리즘은 최적의 결정 트리를 찾을 수 있도록 보장된다.""
- ID3 알고리즘은 정보 이득(Information Gain)을 기반으로 결정 트리를 생성합니다.
- 그러나 항상 최적의 결정 트리를 보장하지는 않습니다.
- 따라서 이 문장은 거짓입니다.

문장 2: ""밀도 함수 f()가 모든 곳에서 0이 아닌 연속 확률 분포를 고려하자. 값 x의 확률은 f(x)와 같다.""
- 연속 확률 분포에서 특정 점의 확률은 0입니다.
- 확률은 구간에 대해 적분한 값으로 계산됩니다.
- 따라서 이 문장도 거짓입니다.

정답은 ""거짓, 거짓""입니다.",2
claude-3-5-haiku-20241022,./data/data_hf.json,"N개의 입력 노드와 은닉층이 없고, 하나의 출력 노드가 있는 신경망이 주어졌을 때, 엔트로피 손실 함수와 시그모이드 활성화 함수가 주어졌을 때, 다음 중 적절한 하이퍼파라미터와 초기화로 전역 최적값을 찾을 수 있는 알고리즘은 무엇인가요?","선택지:
1번 - 확률적 경사 하강법
2번 - 미니배치 경사 하강법
3번 - 배치 경사 하강법
4번 - 위의 모든 것","이 문제를 단계별로 분석해보겠습니다.

1. 신경망 구조 분석
- N개의 입력 노드
- 은닉층 없음
- 1개의 출력 노드
- 엔트로피 손실 함수
- 시그모이드 활성화 함수

2. 알고리즘 특성 고려
- 단순한 구조의 신경망
- 전역 최적값을 찾아야 함
- 다양한 경사 하강법 존재

3. 각 경사 하강법 검토
- 배치 경사 하강법: 전체 데이터셋 사용 → 계산 비용 높음
- 미니배치 경사 하강법: 데이터 일부 사용 → 계산 효율적
- 확률적 경사 하강법: 한 번에 하나의 샘플 사용 → 빠르지만 노이즈 많음

4. 결론
- 미니배치 경사 하강법이 가장 효율적이고 안정적

따라서 정답은 2번 ""미니배치 경사 하강법""입니다.",4
claude-3-5-haiku-20241022,./data/data_hf.json,Out-of-distribution 탐지를 위한 또 다른 용어는 무엇인가요?,"선택지:
1번 - 이상 탐지
2번 - 일 클래스 탐지
3번 - 훈련-테스트 불일치 강건성
4번 - 배경 탐지","이 문제를 단계별로 해결해 보겠습니다:

1. Out-of-distribution(OOD) 탐지의 핵심 의미 이해:
- 학습된 데이터 분포와 다른 새로운 데이터를 식별하는 기술
- 모델이 본 적 없는 데이터를 감지하는 것

2. 각 선택지 분석:
- 이상 탐지: 데이터에서 비정상적인 패턴을 찾는 기술
- 일 클래스 탐지: 한 클래스만 학습하고 다른 클래스를 식별
- 훈련-테스트 불일치 강건성: 약간 다른 개념
- 배경 탐지: 명확한 의미가 불분명함

3. 가장 유사한 용어 선택:
- ""일 클래스 탐지""가 OOD 탐지와 가장 유사한 의미

따라서 정답은 2번 ""일 클래스 탐지""입니다.",1
claude-3-5-haiku-20241022,./data/data_hf.json,문장 1| 우리는 약한 학습기 h를 부스팅하여 분류기 f를 학습한다. f의 결정 경계의 함수형은 h와 동일하지만 매개변수가 다르다. (예: h가 선형 분류기라면 f도 선형 분류기이다). 문장 2| 교차 검증을 사용하여 부스팅에서 반복 횟수를 선택할 수 있다. 이 절차는 과적합을 줄이는 데 도움이 될 수 있다.,"선택지:
1번 - 참, 참
2번 - 거짓, 거짓
3번 - 참, 거짓
4번 - 거짓, 참","문제를 단계별로 풀이하겠습니다.

1. 문장 1 분석:
- ""우리는 약한 학습기 h를 부스팅하여 분류기 f를 학습한다""
- ""f의 결정 경계의 함수형은 h와 동일하지만 매개변수가 다르다""
- 이는 부스팅 알고리즘의 기본 원리와 일치합니다.
- 결론: 참

2. 문장 2 분석:
- ""교차 검증을 사용하여 부스팅에서 반복 횟수를 선택할 수 있다""
- ""이 절차는 과적합을 줄이는 데 도움이 될 수 있다""
- 교차 검증은 모델의 성능을 평가하고 과적합을 방지하는 데 유용한 방법입니다.
- 결론: 참

3. 정답 선택:
- 두 문장 모두 참이므로 ""참, 참"" 선택지를 고릅니다.

답은 ""참, 참""입니다.",4
claude-3-5-haiku-20241022,./data/data_hf.json,"훈련 데이터셋에서 N이 인스턴스의 수일 때, 최근접 이웃 분류기의 실행 시간은","선택지:
1번 - O(1)
2번 - O( N )
3번 - O(log N )
4번 - O( N^2 )","이 문제를 단계별로 풀어보겠습니다:

1. 최근접 이웃(k-NN) 분류기의 작동 원리 이해:
- 새로운 데이터 포인트가 들어오면 전체 훈련 데이터셋과 비교
- 가장 가까운 이웃들을 찾아 분류

2. 시간 복잡도 분석:
- 새로운 포인트와 모든 훈련 데이터 포인트 사이의 거리 계산 필요
- 이 과정은 훈련 데이터셋의 모든 인스턴스(N)를 순회해야 함

3. 계산 과정:
- 거리 계산: O(N)
- 정렬/비교: O(N)

4. 결론:
- 전체 시간 복잡도는 O(N)

따라서 정답은 2번 O(N)입니다.",2
claude-3-5-haiku-20241022,./data/data_hf.json,"문장 1| 원래 ResNet과 Transformer는 모두 피드포워드 신경망이다. 문장 2| 원래 Transformer는 자기 주의를 사용하지만, 원래 ResNet은 사용하지 않는다.","선택지:
1번 - 참, 참
2번 - 거짓, 거짓
3번 - 참, 거짓
4번 - 거짓, 참","단계별로 생각해보겠습니다:

1. ResNet에 대한 이해:
- ResNet은 합성곱 신경망(CNN) 기반의 딥러닝 아키텍처입니다.
- 피드포워드 신경망이 아니라 합성곱 신경망입니다.

2. Transformer에 대한 이해:
- Transformer는 자기 주의(self-attention) 메커니즘을 사용합니다.
- 피드포워드 신경망의 특성도 포함하고 있습니다.

3. 첫 번째 문장 평가:
- ""ResNet과 Transformer가 모두 피드포워드 신경망이다""는 문장은 틀렸습니다.

4. 두 번째 문장 평가:
- Transformer는 자기 주의를 사용합니다.
- ResNet은 자기 주의를 사용하지 않습니다.

5. 결론:
- 두 문장 모두 거짓입니다.

따라서 정답은 ""거짓, 거짓""입니다.",1
claude-3-5-haiku-20241022,./data/data_hf.json,다음 중 공간 클러스터링 알고리즘은 무엇인가요?,"선택지:
1번 - 분할 기반 클러스터링
2번 - K-평균 클러스터링
3번 - 격자 기반 클러스터링
4번 - 위의 모든 것","이 문제를 단계별로 분석해보겠습니다:

1. 공간 클러스터링의 정의
- 공간 클러스터링은 공간적 특성을 고려하여 데이터를 그룹화하는 방법입니다.

2. 각 선택지 검토
- 분할 기반 클러스터링: 데이터를 여러 부분으로 나누는 방식
- K-평균 클러스터링: 중심점을 기준으로 클러스터링
- 격자 기반 클러스터링: 공간을 격자 형태로 나누고 클러스터링

3. 공간 클러스터링 특성 분석
- 이 중 격자 기반 클러스터링이 가장 공간적 특성을 직접적으로 반영합니다.

4. 최종 결론
- 공간 클러스터링 알고리즘은 격자 기반 클러스터링입니다.

따라서 정답은 3번 ""격자 기반 클러스터링""입니다.",4
claude-3-5-haiku-20241022,./data/data_hf.json,문장 1| 서포트 벡터 머신이 구성하는 최대 여유 결정 경계는 모든 선형 분류기 중에서 가장 낮은 일반화 오류를 가진다. 문장 2| 클래스 조건부 가우시안 분포를 가진 생성 모델에서 얻은 어떤 결정 경계도 원칙적으로 SVM과 다항 커널 차수 3 이하로 재현될 수 있다.,"선택지:
1번 - 참, 참
2번 - 거짓, 거짓
3번 - 참, 거짓
4번 - 거짓, 참","이 문제를 단계별로 분석해보겠습니다.

1. 첫 번째 문장 분석:
- SVM의 최대 여유 결정 경계(Maximum Margin Decision Boundary)는 특정 조건에서 낮은 일반화 오류를 가집니다.
- 하지만 ""모든 선형 분류기 중에서 가장 낮은"" 일반화 오류를 가진다는 표현은 절대적이지 않습니다.
- 따라서 이 문장은 거짓으로 판단됩니다.

2. 두 번째 문장 분석:
- 생성 모델의 결정 경계를 SVM과 다항 커널로 재현할 수 있다는 주장은 수학적으로 완전히 증명되지 않았습니다.
- 일부 조건에서는 가능할 수 있지만, ""원칙적으로"" 모든 경우에 재현된다고 하기는 어렵습니다.
- 따라서 이 문장도 거짓으로 판단됩니다.

결론적으로 두 문장 모두 거짓입니다.

정답: 4번 (거짓, 거짓)",4
claude-3-5-haiku-20241022,./data/data_hf.json,문장 1| 선형 모델의 L2 정규화는 L1 정규화보다 모델을 더 희소하게 만든다. 문장 2| 잔차 연결은 ResNet과 Transformer에서 찾을 수 있다.,"선택지:
1번 - 참, 참
2번 - 거짓, 거짓
3번 - 참, 거짓
4번 - 거짓, 참","단계별로 각 문장의 정확성을 검토하겠습니다.

문장 1: ""선형 모델의 L2 정규화는 L1 정규화보다 모델을 더 희소하게 만든다.""
- L1 정규화(Lasso)는 가중치를 정확히 0으로 만들어 희소성을 유도합니다.
- L2 정규화(Ridge)는 가중치를 작게 만들지만 완전히 0으로 만들지는 않습니다.
- 따라서 이 문장은 거짓입니다.

문장 2: ""잔차 연결은 ResNet과 Transformer에서 찾을 수 있다.""
- ResNet에서 잔차 연결(Residual Connection)은 매우 대표적입니다.
- Transformer 모델에서도 잔차 연결을 사용합니다.
- 이 문장은 참입니다.

문장 1은 거짓, 문장 2는 참이므로 정답은 ""거짓, 참""입니다.

정답: 3번 선택지 (거짓, 참)",4
claude-3-5-haiku-20241022,./data/data_hf.json,배깅을 수행할 때 과적합을 방지하는 것은 무엇인가요?,"선택지:
1번 - 샘플링 기법으로 교체를 사용하는 것
2번 - 약한 분류기를 사용하는 것
3번 - 과적합에 취약하지 않은 분류 알고리즘을 사용하는 것
4번 - 훈련된 모든 분류기에 대해 수행되는 검증 절차","단계별로 생각해보겠습니다:

1. 배깅(Bagging, Bootstrap Aggregating)의 기본 원리:
- 원본 데이터셋에서 복원추출(교체를 사용한 샘플링)로 여러 개의 서브셋을 만듭니다.
- 각 서브셋으로 독립적인 모델을 학습시킵니다.
- 최종 예측은 모든 모델의 결과를 종합(투표/평균)합니다.

2. 과적합 방지 메커니즘 분석:
- 복원추출은 다양성을 높이고 분산을 줄입니다.
- 여러 모델의 앙상블은 개별 모델의 과적합을 상쇄합니다.

3. 선택지 검토:
1번: 샘플링 기법으로 교체를 사용하는 것 ✓
2번: 약한 분류기를 사용하는 것 (부분적으로 맞음)
3번: 과적합에 취약하지 않은 분류 알고리즘 (일부 관련)
4번: 검증 절차 (직접적 관련 없음)

따라서 정답은 1번입니다.",2
claude-3-5-haiku-20241022,./data/data_hf.json,"다음 행렬의 영공간의 차원은 얼마인가요? A = [[3, 2, −9], [−6, −4, 18], [12, 8, −36]]","선택지:
1번 - 0
2번 - 1
3번 - 2
4번 - 3","단계별로 풀이해보겠습니다.

1. 영공간(Null Space)의 차원을 구하려면 행렬 A의 랭크(rank)를 알아야 합니다.

2. 행렬 A의 행 간소화(row reduction)를 수행하겠습니다.
   [[3, 2, −9], 
    [−6, −4, 18], 
    [12, 8, −36]]

3. 첫 번째 행을 기준으로 다른 행들을 소거해보겠습니다.
   • 두 번째 행: 2배 곱하면 [−6, −4, 18]
   • 세 번째 행: 4배 곱하면 [12, 8, −36]

4. 이 과정 후 행렬을 보면 모든 행이 서로 선형 종속임을 알 수 있습니다.

5. 랭크는 1입니다.

6. 행렬의 열의 개수(3)에서 랭크(1)를 뺀 값이 영공간의 차원입니다.
   3 - 1 = 2

따라서 정답은 2입니다.

정답: 2",3
claude-3-5-haiku-20241022,./data/data_hf.json,서포트 벡터란 무엇인가요?,"선택지:
1번 - 결정 경계에서 가장 먼 예제들
2번 - SVM에서 f(x)를 계산하는 데 필요한 유일한 예제들
3번 - 데이터 중심
4번 - SVM에서 비제로 가중치 αk를 가진 모든 예제들","이 문제를 단계별로 풀어보겠습니다.

1. SVM(Support Vector Machine)의 핵심 개념 이해:
- SVM은 데이터를 가장 잘 분류하는 결정 경계(decision boundary)를 찾는 알고리즘입니다.

2. 서포트 벡터의 정의 고려:
- 서포트 벡터는 결정 경계에 가장 가까이 있는 데이터 포인트입니다.
- 이 포인트들이 결정 경계를 결정하는 중요한 역할을 합니다.

3. 선택지 분석:
- 1번: ""결정 경계에서 가장 먼 예제들"" - 이는 정확하지 않습니다.
- 2번: ""SVM에서 f(x)를 계산하는 데 필요한 유일한 예제들"" - 부정확합니다.
- 3번: ""데이터 중심"" - 서포트 벡터와 관련이 없습니다.
- 4번: ""SVM에서 비제로 가중치 αk를 가진 모든 예제들"" - 이것이 서포트 벡터의 정의와 가장 일치합니다.

4. 결론:
정답은 4번입니다.",2
claude-3-5-haiku-20241022,./data/data_hf.json,"훈련 손실이 에폭 수에 따라 증가한다면, 학습 과정에서 발생할 수 있는 문제는 무엇인가요?","선택지:
1번 - 정규화가 너무 낮고 모델이 과적합되고 있다
2번 - 정규화가 너무 높고 모델이 과소적합되고 있다
3번 - 단계 크기가 너무 크다
4번 - 단계 크기가 너무 작다","이 문제를 단계별로 분석해보겠습니다:

1. 훈련 손실이 에폭 수에 따라 증가한다는 것은 일반적으로 비정상적인 상황입니다.

2. 정상적인 학습 과정에서는 훈련 손실이 감소해야 합니다.

3. 훈련 손실이 증가한다는 것은 모델이 학습을 제대로 수행하지 못하고 있음을 의미합니다.

4. 이러한 상황은 주로 정규화가 부족하여 모델이 훈련 데이터에 과도하게 적합해지는 과적합 현상과 관련됩니다.

5. 과적합은 모델이 훈련 데이터의 노이즈까지 학습하여 일반화 성능이 저하되는 상황을 의미합니다.

따라서, 훈련 손실이 증가하는 경우 가장 가능성이 높은 문제는:

""정규화가 너무 낮고 모델이 과적합되고 있다""입니다.

정답: 1",3
claude-3-5-haiku-20241022,./data/data_hf.json,"질병 D의 발생률이 100명 중 5명(즉, P(D) = 0.05)이라고 하자. 부울 랜덤 변수 D는 환자가 '질병 D를 가지고 있다'를 의미하고, 부울 랜덤 변수 TP는 '양성 반응을 나타낸다'를 의미한다. 질병 D에 대한 검사는 매우 정확한 것으로 알려져 있으며, 질병이 있을 때 양성 반응을 보일 확률은 0.99이고, 질병이 없을 때 음성 반응을 보일 확률은 0.97이다. P(D | TP), 즉 양성 반응을 나타낼 확률은 얼마인가?","선택지:
1번 - 0.0495
2번 - 0.078
3번 - 0.635
4번 - 0.97","이 문제를 풀기 위해 베이즈 정리를 사용하겠습니다. 단계별로 풀이하겠습니다.

1. 주어진 정보 정리:
- P(D) = 0.05 (질병 발생률)
- P(TP | D) = 0.99 (질병이 있을 때 양성 반응 확률)
- P(TP | not D) = 1 - 0.97 = 0.03 (질병이 없을 때 양성 반응 확률)

2. 베이즈 정리 공식 적용:
P(D | TP) = [P(TP | D) * P(D)] / P(TP)

3. P(TP) 계산:
P(TP) = P(TP | D) * P(D) + P(TP | not D) * P(not D)
       = 0.99 * 0.05 + 0.03 * 0.95
       = 0.0495 + 0.0285
       = 0.078

4. 베이즈 정리로 최종 계산:
P(D | TP) = (0.99 * 0.05) / 0.078
           = 0.0495 / 0.078
           = 0.635

5. 정답 선택:
0.635

따라서 정답은 3번 0.635입니다.",3
claude-3-5-haiku-20241022,./data/data_hf.json,K-폴드 교차 검증은,"선택지:
1번 - K에 대해 선형
2번 - K에 대해 이차
3번 - K에 대해 삼차
4번 - K에 대해 지수","단계별로 생각해보겠습니다.

1. K-폴드 교차 검증의 기본 원리 이해
- K-폴드는 데이터셋을 K개의 부분집합으로 나누는 교차 검증 방법입니다.
- 각 부분집합을 번갈아가며 훈련 및 검증 데이터로 사용합니다.

2. 계산 복잡도 분석
- 데이터셋을 K개로 나누고 K번 반복하는 과정을 고려해야 합니다.
- 전체 계산 복잡도는 K에 대해 선형적입니다.

3. 시간 및 연산 복잡도 검토
- 데이터셋 분할, 모델 훈련, 평가를 K번 수행
- 이 과정의 시간 복잡도는 K에 대해 선형적입니다.

4. 정답 선택
- K에 대해 선형적인 특성을 보입니다.

따라서 정답은 1번 ""선형""입니다.",1
claude-3-5-haiku-20241022,./data/data_hf.json,"두 개의 부울 랜덤 변수 A와 B가 주어졌을 때, P(A) = 1/2, P(B) = 1/3, 그리고 P(A | ¬B) = 1/4이면, P(A | B)는 얼마인가?","선택지:
1번 - 1/6
2번 - 1/4
3번 - 3/4
4번 - 1","이 문제를 단계별로 풀어보겠습니다.

1. 주어진 정보 확인
• P(A) = 1/2
• P(B) = 1/3
• P(A | ¬B) = 1/4

2. 조건부 확률 공식 활용
P(A | B) = P(A ∩ B) / P(B)

3. 베이즈 정리 활용
P(A) = P(A | B) * P(B) + P(A | ¬B) * P(¬B)

4. P(¬B) 계산
P(¬B) = 1 - P(B) = 1 - 1/3 = 2/3

5. 대입 및 계산
1/2 = P(A | B) * (1/3) + 1/4 * (2/3)

6. 방정식 풀이
1/2 = P(A | B) * (1/3) + 2/12
1/2 = P(A | B) * (1/3) + 1/6

7. 최종 계산
P(A | B) = 3/4

따라서 정답은 3/4입니다.",4
claude-3-5-haiku-20241022,./data/data_hf.json,"문장 1| 로지스틱 회귀 모델의 가능도(maximum likelihood)를 최대화하면 여러 개의 국소 최적값이 발생한다. 문장 2| 데이터 분포가 알려져 있으면, 나이브 베이즈 분류기가 다른 분류기보다 더 잘할 수 없다.","선택지:
1번 - 참, 참
2번 - 거짓, 거짓
3번 - 참, 거짓
4번 - 거짓, 참","문제를 단계별로 분석해보겠습니다.

1. 문장 1: ""로지스틱 회귀 모델의 가능도(maximum likelihood)를 최대화하면 여러 개의 국소 최적값이 발생한다.""

• 로지스틱 회귀는 볼록한(convex) 손실 함수를 가집니다.
• 따라서 여러 개의 국소 최적값이 발생하지 않습니다.
• 이 문장은 ""거짓""입니다.

2. 문장 2: ""데이터 분포가 알려져 있으면, 나이브 베이즈 분류기가 다른 분류기보다 더 잘할 수 없다.""

• 나이브 베이즈는 데이터 분포가 정확히 알려진 경우 최적의 분류기입니다.
• 베이즈 최적 분류기와 동일한 성능을 보입니다.
• 이 문장은 ""거짓""입니다.

따라서 정답은 ""거짓, 거짓""입니다.",2
claude-3-5-haiku-20241022,./data/data_hf.json,"문장 1| SVM 학습 알고리즘은 객체 함수에 대해 전역 최적 가설을 찾을 수 있도록 보장된다. 문장 2| 방사형 기저 함수 커널을 통해 특성 공간 Q로 매핑된 후, 퍼셉트론은 원래 공간보다 더 나은 분류 성능을 달성할 수 있다(하지만 이를 보장할 수는 없다).","선택지:
1번 - 참, 참
2번 - 거짓, 거짓
3번 - 참, 거짓
4번 - 거짓, 참","이 문제를 단계별로 분석해보겠습니다.

1. 첫 번째 문장 분석 (SVM 학습 알고리즘):
- SVM은 볼록 최적화 문제를 해결하므로 전역 최적 해를 보장하지 않습니다.
- 따라서 이 문장은 ""거짓""입니다.

2. 두 번째 문장 분석 (방사형 기저 함수 커널과 퍼셉트론):
- 방사형 기저 함수(RBF) 커널은 특성 공간으로 매핑할 때 비선형 분류를 가능하게 합니다.
- 하지만 더 나은 분류 성능을 ""보장""할 수는 없습니다.
- 따라서 이 문장도 ""거짓""입니다.

3. 선택지 검토:
- 주어진 진리값 조합 중 ""거짓, 거짓""에 해당하는 선택지를 찾아야 합니다.

4. 정답 선택:
- 문제의 선택지 중 ""거짓, 거짓""에 해당하는 것은 3번입니다.

따라서 정답은 3입니다.",1
claude-3-5-haiku-20241022,./data/data_hf.json,문장 1| 훈련 데이터 집합이 작을 때 과적합이 더 발생할 가능성이 높다. 문장 2| 가설 공간이 작을 때 과적합이 더 발생할 가능성이 높다.,"선택지:
1번 - 참, 참
2번 - 거짓, 거짓
3번 - 참, 거짓
4번 - 거짓, 참","이 문제를 단계별로 분석해보겠습니다:

1. 첫 번째 문장 분석: ""훈련 데이터 집합이 작을 때 과적합이 더 발생할 가능성이 높다.""
   - 훈련 데이터가 적으면 모델이 데이터의 노이즈까지 학습할 가능성이 높아집니다.
   - 이는 과적합의 주요 원인 중 하나입니다.
   - 따라서 이 문장은 ""참""입니다.

2. 두 번째 문장 분석: ""가설 공간이 작을 때 과적합이 더 발생할 가능성이 높다.""
   - 가설 공간이 작다는 것은 모델의 복잡성이 낮다는 의미입니다.
   - 일반적으로 가설 공간이 작으면 오히려 과소적합(underfitting)의 위험이 높습니다.
   - 따라서 이 문장은 ""거짓""입니다.

3. 선택지 검토:
   - 문장 1이 참, 문장 2가 참인 경우: 거짓
   - 문장 1이 참, 문장 2가 거짓인 경우: 참

정답은 ""참""입니다.",4
